drive_file_id	total_chars	total_parts	found
1XW7Nl1OHHzL2mxzuK1RxEXYzo9kJPctM78TyTB9Sxyc	3338	4	true
1vlbfVqqiFs7vpE9tqUZDYsAxo-xrVq3dIjnv3Nj1zMk	1646	3	true
1UUAp9IwWmM0yaD7mbeVXNKP5ociXVWH7stcswkARSB4	9750	5	true
12rrTdvWsEP3XMocAN-Z-qluJHsjcHvd-	14211	8	true
1wRRwzaToAgiy5V5NXEwpXOjP3-DFL_PLSShu-WL6IRU	6715	8	true
1YtgeG87tFNf619-3VaKq_DYN4Vjidi9fQAfwfshvMrc	3136	3	true
1xD_tW96q9mK2tH7iCJExkw0C4i_In2PD9xbDeBY3dtI	4455	5	true
1M4ZC4JaDlSMlBNF8Dx_RNou1BltguyLxFB62fJxjUGE	2624	5	true
1T-LC0EWWum_AgC2q6mzpBWrdlktcunM7	1063	3	true
1_4ce8qQXoZuk4lGQ5uvtdO-5DlKYqwXCMzrMyc5_kLE	2346	5	true
1-py3lRFAHEEufvbSofsEaYRfZ4o15U20	1351	4	true
1IEChR0swTc8fyQzu4zrFBytDRQYSIFkEDxtIVJZXIlU	14823	7	true
1o-Ag-SN-zB3XZ4s-rr35XoGKTn9LYIma	1104	4	true
1ec06aooaH44B65YNaYuUpgkM-n0F6Y0GOfpErbji6Cc	2488	5	true
1RTe-9R4_PRyN8wVmY_ut7IbegcbWmpOh	1564	4	true
10TXqBy3QHsLxtvA6KG1ACFX71yFujBOpxhw7FXP75os	1590	3	true
17Kk2hpZgiyrmZAPkC5Qr9Dg9RQrb14aC	1034	4	true
1eBSLkI7fk54oU5R2PqpNMa3FLmihQJ_irvaCuhf0ngg	5054	10	true
1UlAIbo1zC16Eg3wxkorTPUPqvi7b7phoLr-YqAPBdps	2917	6	true
1TgThUc2zqjYOEedBVjtlvzmcIN2CmmnZItqizqu5YpM	3546	5	true
14PjITXIBJyrRrUJqS3ykE2IBxhep5kd9v-Sxi474_YU	12912	6	true
1frlcQd4tNRNmXaolB_YIbj2FL587L17V	1082	4	true
1N6LEwupPVrUyduEvsOMXsftOR0bZ7F9xG-BoseMElc0	4609	6	true
1x2LBeGffkhNiho5YMk7HwRnCIJu7D1V_	2760	4	true
1GlhFmWgim_L11Akc9aaciitpYXzz4p56YpwDymEb53s	3463	5	true
1XJ9rq7yj_qu44KGRf3b1XwB3oEX09S_qvZiBSgQCAXM	4590	7	true
1lGFXbMjjRQYPLP-2h-HBmQCbHCNOE3dqWaw_rFpG95A	3362	5	true
1TrmNnmlEQNdrUuhoyj8v9mFLktDvb4jB	3533	6	true
1BD-U-oqdHYGoN8-2EjKz-iiq-aPsQwvw	1584	4	true
1BRxwRyyVcACOpgYEkddZ5kIqDHyOUv8UPzAfTqvz5iY	2134	4	true
1hxkUEohmrwhGBAM475Jrs_DdgWfMF3Xl	1484	4	true
1-1zB8GMn1AWC3ItBFU8cnahxpD3Lg_CZ9MtyHfZLmnk	1495	4	true
1AAcdqsSWSu7JD5e9-VgEiwXzelqXVJ7HhRccJgzXUtk	8862	3	true
1NeiXbeqjwI9mqC-ciHOFVkjPFeNn9MGx	8129	3	true
16ga521sS-m6voUdblERyqn1AB5bWLMzJ	1497	4	true
1RCmoIFlEsTgrmbVedSt8InNp_2Yc_24Nii45sGWo6wM	1367	4	true
1Q5xuhy6x2DlRJFlFFW6O6iBkqRLRDS45cEeNOcbNSJc	2150	3	true
1tDEPuwFJC7Qr1TloE8GY5usuRh-0dMpa	3153	5	true
16hMOY2jnvLmn136ngNXdqpPmHJMme0P10SpO7MAVH-c	6188	11	true
1TLZjwr5DzexN6UnnrfjY69B1hqVeDyDX	6088	14	true
1E8F28v2rXoSKnZt_Mv3-37ODsq6ThJjNIYEEHYULeAQ	2754	7	true
1QPTGepkoq73npUFhWgpLBvlS2PfcStEy	4687	11	true
1dCRwBz-wzBg0UPTNIjZKV9Gr7jym8aOHFYbJJMVwNCE	1234	4	true
1ZphSUXk06ogFW_6KIvhwv7WHqKKHQuRx_Z342lWAXjw	1310	4	true
1M5S3eiMuAjl8ckDcpt-yVzMyGXILiPpn	4483	10	true
1j6OpWkUQ8OfgGNfmyMufue7P0I858NjE1NVt-9AW9BU	2325	5	true
1URsdWMETpqzUutesixh5w3C5zmFQLsQftLFMniuM8cY	6661	8	true
1C03NObhsy0iEtibbwHBDlueLZNN9LZYGmh6XhMjBSL4	3437	5	true
1zmXSQHQEFzR5QoiHyoKJRyXwGKTn3PXM	1328	4	true
1SB6U5lKFYXqDQlcG_Aq0Tr7C3M9IfM3M1_QVDtYNTuQ	3050	5	true
1dCgCkD1g-dr1Ap6zy9WM7UPgZ2cnwIaE	1498	5	true
1V2q00abrE1vDmEfSA0XhxScHdRMBAmVXr_JGVzjAI8Y	1350	4	true
1-lK7blqJ1SJNk9z2V1y1CsjtB9ghcjcj29MgZrMIv6Q	1186	4	true
13tjIjdJW4htjOH8j_DyXIKuayUFdNuXbW7b9gSucWcE	1763	5	true
1bfIfD5esCRquouJ5yP9bMZd7iam9WIuKs42us5KLvdI	972	3	true
15aIiwLgL4Da06CRVXNVT1Fb0oJqdc5iaBLmjMEZXoWk	1190	4	true
1deKcMzrSJCkClvpcMhlX7gpkso2x26By6m4RkAOtXzA	4686	8	true
1gnkiEF1kjTdIRE3Q4Mut9jxIeDdx_EPb	4924	6	true
1lph57veiBozYYVdok_1LzpV8Zz-p5RVb	3440	6	true
1E_Uaf1TUdkMu1bbFkVV-M3nWP0MpuAE2	3161	6	true
1ZPHIgYHKabysdf1UGwx9f0p-bAN29O5v	4759	6	true
1m5T5KI_nMpJOCf241_iImLRzsWxhTTn3	4370	6	true
1uNOUFJ7hLTuby8Ms4kMoGMSU-ZYAk8FM	3532	6	true
1WTAL13wT1Sfbi7pvm7ohpr5RXxk9Wchh	4134	6	true
1CBu3CGlQVz-rqYco9Qb1rZvvIj8-nN1a	5250	6	true
1DOXMFbhH7CTsf14o7P7JScm4p5CwnKQW	5869	6	true
1EjebilllGqSEI-RcwHCluQ3sKZTNcNxD	4431	6	true
1BX1JYu5Gr0K1GcO99_wKh2LrrKc5QFAa	5697	6	true
1hdf4fr5sDb9s4qh2km8wTsOyx1yE2hoxUXNQ8GELRb0	3573	5	true
19RsTHMhmaXW_I6iy_5IqHrML4XLNATYHgUDsxuTfiV0	3478	4	true
1qde8thMT1ApemVPvBtq8enCUhdtIyxbMOAT2Q2H5wFg	2019	5	true
11PVBLVcAlohz6Tw7kcvpAxoARjWWpgi1	9545	6	true
1g7W4hoUChgJOYg7HBbyBb_PyccVCwu0G5r02V6KOtds	10725	4	true
1gCH6KtM3yz_OD0_TCWK13Ufydsc0V1P-_nnmxyQpa3I	3109	4	true
1iRQlY7MNl5hAMC1NWrWB867y7hrr47aioN1Vs1a4kRA	1939	5	true
1OL83iW0dh-KwCEe2NIfp_l-SmSASroY3OETMdylMUT4	4363	5	true
1hhXzFQ1sFtpndRa31PqQ-5CvD9oDOcrF	3147	5	true
1q8qIWMNafxx3UEkHL7k5kzNU9fwvxRXf	2692	5	true
1idcvO7lGv1fPMCtQZCyS5ZDcp5IaTM0cSv1nIRIlKBE	1955	4	true
1KlGtdrXtAhpB-d2_jwHBvTe8Qy932s29	2325	4	true
1-AH63b8DqaXhDuA1m2uGjfiRfc4FnTF-	2333	4	true
1nYUAkxwZVtkD9tdPHXqf747GZMhjw_j5	1619	4	true
1Yvz9f9JOlHukWI8I7MuApiuBVpayksjR	26857	9	true
1V1fypcCwP__WxM5cQu-Fn704bghC3clwjPVU_h6GQ7E	1413	3	true
1ajPmBwzhJm-OQIIGBuL-tEbWVYAaaC-5GvO381DR3_M	2233	5	true
19UwoVSQNgzBF5ZkISG2aEVXhijzxY5G6	2541	5	true
16QlgjgtnU_zOQEhD_eC5o_La-_toXOAsAVWywwgZRq0	2449	4	true
1392kx3GBinN9Bg3V-RLQufXmMXR46i2x	15473	12	true
10Iw0M3sALx8Vhkb1P8XRoJQyyl6Sugr5	1903	4	true
1MpSJLdtXAVySu2SmIpmWeiKMm2MYVIim	1309	4	true
18UcC3J3c4h_3dKReSeFa_ongVrkjiQEiK3--300CuIE	3733	5	true
1b5SGX2FwOSyi7KidQEXRQthTXAUt6TgND5irbiOoSsU	2341	4	true
13r25TJAbR2zNpp6J-XP_PSKMaSIvv0UXXlJpjO8kMbY	2053	3	true
1tIEaadAKCA1OwYxOAyMft6wKbAd7UtDzjqfyJ6IfCNY	8064	9	true
1sYKLDQc7EiPmwjdeFMSh18fa7GwybftP_KKzWQEzr4Y	6894	6	true
1mdEnPsblsnKjw-WiFoRCl_XXsnXoftOaSEO8HDwzJzU	6943	7	true
1XC9pPYgmMzj73EijsUhlJGUqvSmyyCAz-qTeC_9Vnyk	6074	6	true
1khkK11rTS0CO1Boi5yWvm5ByHPWk-6FgWEkHhLuhqvI	10060	8	true
1-wjEcof8j6lTpYny87msGV8J_PPlAqSMqNdMSQNlMk0	5532	6	true
13CE2bCBiZV4SKGOJOdU46_nnFuaBp1EL-hVdqUP8Y6k	6739	5	true
15DhH5qb5eppbUmFfH4YWHDYWuuwELfSe1mPwKgMuO2I	4324	7	true
1KfqI5Igsj9gFbSSb4Tnz7XyWwJIPchjTKwequ69neCY	9214	10	true
1PhIsKLNF9Sb4vqqwQ1IPV1jRPc7DEfULDIWr_Ccu_xo	9923	8	true
1-FhjdGzxK0iUrMMpHv9nFxfIFTE2WXeyFmknV6DcbOQ	5452	6	true
1UAwDgQcJHBUJGNtFZ5U26u6xMnBXZkNZQ5D0LfnPx54	3432	5	true
1BvnR7_xdnixIsrL2T64jplJrvyBmtfbTcPB9JUdXgik	6920	5	true
1JA7thSmiwGR5zyMc9WD_ZVglQlLKjWEzejN9lMWFZMw	3879	6	true
1x2eROpCRPKwAiN-Gw5yKgEZAGoFuLHyr	3537	6	true
10uzVzrk_ULCkcOn2qA_2PbYvj69r4LwwPQJhw8LC1LM	3552	6	true
1xedhkiV23WL7S3-_zBcOZgLPoaRPHEIX4jJTSvrUoGQ	18307	23	true
1W-GNh09crbFPRfjPsy_qiHkr6PEYAFB3cKlzHHWwbus	17349	21	true
1WDFnyn7pk8EjYkskHZgiK-X1ZH6DCts6hCWgI7X6iio	6626	4	true
1Y05E2cqvlFlxS9b3a9nrHNVUDKGUoFhH0qRMNPigWLM	2839	5	true
1E-Z9b1v2m_n60bsX2eZ0M2jhIBqqcOvw4pNjaFFGy14	2272	5	true
1qD0nv7LhjVXT21nqyNf14PWKeWid8BK746A2OJ786FQ	8930	8	true
1-m5ZduiPVrDXl0svyOk5dkYV8mHgc9o_tWykrTiktDY	5589	5	true
1f_vVuwWsxclwIYDZB114t09hC2IwdyrjPGjRSxLY4_g	949	4	true
1sRuNXa2NZfO8307O8nVrcIhGc-NAPiN2HK2QVSyN3sk	1383	4	true
1rBKbYQcSU6d0iuX4rKqFBr1EoPcCwZdodKXvsz5ZaSU	3207	5	true
1wIyhXwkC71wxtZvirCQlVsOaeQEd1DKRE1XTzWw3tCk	3639	6	true
1fhsw-kOL8uo0jPZHOgtCGYarWTlb4S96iWcYXniVPTk	1710	5	true
1M9wDXSixDDQHj3xDvZurpQ0Hzd4-x6mzZY_oknmRXSE	3552	6	true
15qy7_4z1Wc_kTQGQePSqCtE0n_oEKjcB1GeMmvyouVI	3552	6	true
14PjX_grusOTav7T0xIU3bHf6gfB3l24lmV37LdlQSlg	1680	5	true
1tdwxr6xhbVqpi8OU6EPVp3751wqRjfmQwdTHtN_Ey3s	3537	6	true
14m5yzPId8NjwJKd8uESLluFhM5UuibK5eAHsp29w4BM	25599	7	true
13ML34LnAZU36jxaVOF1W80XIUe_qx0aZl_chnoYgYhY	2078	5	true
1bqvRP39e44f2vObiheccUH2ylhE1AV30zxk23Ma2eYk	3866	6	true
1FdAT8Uep0fmod9f33aYktViezC_RlkeFG7HYhOwfCpM	3866	6	true
1umQDwa-q7_EkpCvPKnJnD7hJCZgDF6LN2a1fS8qJriU	3866	6	true
1rsgz_9YmfwtSD2FaEPaN1LU_a13adAaJg6VZ_yknGYk	3320	5	true
14BGO4JfiyZ_Ka23H32FPuYZNaotvshsIBfE_f_V9HVQ	1479	5	true
1L1x5-wtI-lWE9YhNdNNrpb0SCOvPF0UqsSNWEZUuqMI	5683	5	true
1Hd7LmmqpjOOYk0BKLTgsIHhCOQ5PE5gcLQJZVxDK9ak	0	0	false
1U0P_4qzY1i1I8aCpFW5UpvlCTKf_8dh46QyRN-6lWQ0	6630	5	true
16Z0xouFBP3G_IzqkJz_TyF8Hg1_SQYubcOmK_pOK3yo	6146	6	true
1evneJZX2OszEW_hM8WG1YV7eevA63dvd	4317	5	true
1MesGh0ksNJDQFV_eHHWH52adt9Rz4zCu	3550	5	true
1TJHIIMd468tBX_2PYU4388jChTe30Rd7	2985	5	true
1Vny0CbYRLmq_vAT1bupLe_d10vwtbmmKfvRi0SIZu6I	8206	5	true
1hiJrB4s-h8udB_Teo_vaNRb2x3wZin8KsSQThhVr44w	11797	7	true
1cF5V8Rv0SN9p_bmuLCNn8IK6EH5RcvMwT0B--gZIyTQ	3545	6	true
1nxL31DFBhqPN55i2oEuqW98AqPXPqCrbgTjrruazin8	4544	6	true
1zw7vcNvFVtW4UPp_GmWda8Iwk8kbpJjPU0Oys7Foteo	5185	6	true
1YRTysbXf6J3ZfA1tUgKxI7css6O5BZju	4573	6	true
1ZYC8wLnjW7c_BsUhZ45eMSHKau8z-9SfXCSxaxnBjqw	12742	9	true
1CncLlXJNU87uMm4Oh5BlMi4iNOehc7Kk	8322	6	true
1jRbOAAojdu2BXsM9_LqdXGc82VRs3YvL9zKIFuLfnOI	6280	6	true
1fRyGFTQCtVLErJAqnfEdIYXrSh88u6p3SLPujRpag3o	4303	6	true
11pKNkXAK_vLbk9dJUnW2faBGj8o_JNIS85f3P7XGKY4	1431	4	true
1V94TL3KirAyVdITYKj1gQFLkwH1oiQ2N2A3PVOTxGnw	4954	6	true
16_QZ_2Rjp8Zq64-z8Ijefqca3kuPwxE4aSslfRtN0p4	4788	6	true
1fmePekhDFc00pq8BR0X6ILFLEtSRMIPCwos60oSsssM	14198	7	true
1wvCozZuzXfPbuUeLynbGbc22AcAVZ99w	2386	7	true
1WR3UPN7NEHhRXvxCU8p0-d1oQfMmXB5AiwaHgulfZFg	2272	5	true
1qEiCnd-KUf94F6WU65Bj8TLooSNQNIo3Ti3qPoUkSeo	3578	3	true
17kGBqDWgdpYxdTw_7kKct3LzPS8CRA4LNNx5O6tKjeE	4353	4	true
1_5r7NJ1CD3wxGYx19hWLH5AvDa0ob1ps7H5n1zS4cLk	1489	4	true
1HunQ2zKqZn1f-yi9BnPriKzCISyH1eFH	3067	5	true
128-tovI0D7JCF-xDLkSd3ZTdOllyCsjduk9Xx-4anOM	1545	4	true
1o5QbW255d9Yy4qijTP4CHO7zxzb9nSMwNhdtXdGxdgc	6112	5	true
1lravlUTA8Y8T2WeIS9a-jJQ9wrIQN2sK	3496	9	true
1bUwC5u9AG6q_jkbfMnOkABFTxsIym6SkVr6SCXTaWTo	1489	4	true
1asQzGST7UtQiMk4qXMroeCa_QwBYuu_MaHxAzcK88Yg	1231	4	true
13QstgkfSBQnGBhYO96QfR_plwg569Pc4dYQTfU8hOas	5802	6	true
1PzJHscQxWRyr-_pixNNWQ9oxtdbIyg4l--BvqrrbgCM	2114	4	true
1Hf8MJU4F_e6Hhe5NkxhaXimBHG-lenw9	9331	7	true
1JfLy5TnAlh1FQQY2I4qmdcK3XnEwjA2fraGjJk9Mb20	5207	6	true
1otoFLMVuARCoEdifQ2NHbs83STgT780F_WxdizcfVNg	6360	6	true
1xnj5HzW1fAZdMwRRJ9aL5c1wJYOLM-ADhNZxJjYNlhQ	4677	5	true
1JByVg9Sr6vBLQsOx688HLOWZiNcHJMn1QJJIXxNEBXo	5829	6	true
1R8njR0KWX2wYZoA1LizYvaV1r1WvPZeC-cTGm0Gw-Bc	6188	6	true
1KI3gmqH4Lk7i44AN6KGQbmc9J-vdTOo2IIEpgbNX_A8	5542	6	true
18-72lCSvBgA2z3m0PWxTtybSllp8KzexefaofPyUfWA	6090	6	true
1Obnh_maL66RzpIYhmGL61hF_OH9ZCVLOXt_LSMZ56II	5727	6	true
1Yn0_Kne2kKBujefX_eqehm-ti5w4u92mpKP0cbL4sxQ	5187	6	true
1CGxc2acYFnenIYRIu_frvzm7xcqfDlyXA1lRxzSD_5U	5459	6	true
1ABiUdNQIYrVTGJik-8PfS2SPp5aR8dFHOU8ICljqeUM	7378	6	true
1XPFxoBkRWlwoAdyFzMDg-Vt8aPE5JAEDYR_-wD2q194	6478	6	true
1VDnXl4YV7x0OEfQCZt6AR-W93RH7iDlWkMQb6cV0BR0	6296	6	true
1D9xOyifmuxzy_waxRpdwzCQtHvnTurstTtUoE-vSjZg	4555	6	true
1NEyNopm7wThBXhyrDQJyRCu_o3Iw0Nlo	4646	6	true
1hJ83vYRebZN3HjrBfI-QmQK_AhbzGapQUOeGgf1HdhU	5019	6	true
1CLO3bunK7H3Ge2KdWSQ-cBuNue3hjX6cDks8tWYe_V0	5589	6	true
1ox2JNneU_X8GsO6cNvAqEtAmIiOMIjSW5s1viDqOMIg	7218	6	true
1KbB41KEYUE-VHtWk29t7sbuiaRg05bdUdmpVnLlG8n4	5984	6	true
1yGbhq6z0f9ZghJ0Evi7pYNgA0znHNSb03ZLr-zaJh78	6428	6	true
1DZtrShvWYfmWvIjyxmuX-67Am7uG4_GuvfQ9F4St-eM	7075	6	true
1Lt8HtkaAaWOGAIsY_jwWSGvDued2iwiF	5426	6	true
1Z86QFVFWkyFTHJVrM0J3TS1Ow4X_4j3ZbDA0sWD-Q3I	8726	6	true
1u-aU_BQHD6woesqq2T9X0W939HXAESAR	6230	6	true
1R3Y0qaWH6Lw8ybrh9p3bUzqv9frMglL57fk53FrByNw	6230	6	true
1Gwrz6-aZgY3p7IwGcHPdeVhdWX5ihNZJ3Yuumuv8itI	7363	11	true
1EVbbnbB2I4RYnfxhTpGznWQRk4XsSXAR	7363	11	true
1euVesXdv56m_9uq2oBL5DtXtuq6yqHNnu3F2PBMF4ZU	7363	11	true
1kq5WZxWJ6Db93VhHk04aXaA2Zz6TXC3O	6233	6	true
13fFqbFozunMdEFNB8IpDuyf-aw_DwEKkVrPVqrs8x4k	6233	6	true
1n-Sqnkv5ZOn5f6IbhsjecUdvHA-mKOZe	15517	10	true
1fr9JbVDfStUm7qHMyCgwPXnjMG9MyPS1	11037	8	true
18DRmtGg-8qxn-V0Pq95wTqK1mPxALl1TcY8tRPcqYO8	6172	6	true
1u-eFa5pJGJuoqgOD5SNSeUvEcyKPgqYkBx4tZzsGRR8	10821	7	true
13HSC2OoKJS2tgf9sO6ml1yWYM-evhAYledhMnPS70Jc	10508	6	true
1g2aMnGU2vm2z5YOWVHfMsM52UafxOSfZd2z7hDscC2s	13591	9	true
1b_rbaQmZkfSOPd0-3zn3DSK8nbCXyTolxeYFEWJRrak	2439	5	true
1-F7dFQ_OYtk9konZrlEIziSkou_Q0DU2MdEvdi214NU	8930	8	true
1Xxxh4zMvpjDAFng_xXEs_YzrRiJWKdXfCVMdUvDrXV4	5369	5	true
14P_SMS5dAlUNarc1aIQ8yQXkAXbBz9Qds1C0oh4syx0	5744	4	true
1rzUxk9U-qEGeR5yfLmse83WJQNOKHbWcVq7lhkl7DQ0	2391	5	true
1wIp2daxHtDrOUlI1qe-3ZGLE3FG--gbA9EHGSDG9lMM	5145	5	true
1dFuCWDFH0gMQYAkHSFK1UtP4eJEqVWUwlHaBzFHI7cU	6554	5	true
1meUnP3Pu2slp3L8ynSmGyO9M54USqRupTwuk5FeLz7M	6970	5	true
1aMopyHTImW01UHuPoxFTt9ukavkx3r0J57f0cwLl2C8	5897	7	true
1P9jZ3c6fudeBiTK-417GRxFjy9XQLkDvLhN8Qzk-ZCM	5806	5	true
1yt6tsrAto02WqFHH4MvpwsszMWORvSjZjKGMLdeuVy0	5912	5	true
1RJMsiJlyXUxzVBA4pc27gdcoHYF_SBa1tv_H856e_Zk	6493	7	true
1wtKueV81unkIXnabDAomOq72Y9qZd0tp7ylOzV3ww0U	8050	4	true
1rJhZmXtxNq5Zdks7zwThJpGVYPnoWAOxt5B1oJxZ0as	12299	7	true
1MNOR4XFJwf62c4zF8FhLx1yS-jEWz02VXP9jUtlyRpc	9266	6	true
1qqk-yTFIs1n-3Fg2AB2dpe3eQBXIyqJXmOXVczYYADs	14081	7	true
10Su1NkLzYliRg-qFgODjsqX_YxKW608HYPpZufSTgmw	17205	8	true
1M3f69gYCSKFDUrRWoXuVDQV6d-2T7K_4Yrxz2RzwSAQ	11383	6	true
15tXw2D7UPnnuoqihcR096ugZSjvOqq0g61SoTQJy7iM	13964	7	true
18ZN6_AyXS9FIoFPFSmEougJFMXOvoBJu9-8NXOUrhz8	3581	4	true
1U1yLF5grkvZ5qmbLHgTiEjboyEAeRJWU38VMVJU6-uo	15925	7	true
1Ym1NbcKHMW7AIcMC429O7SDm7Kig-JywXy3aaYHnse8	12944	6	true
1qPc4Ahravg1bjanpiDtuL-yeWKfpurfqSwPdJfoMhXM	22232	8	true
1bm8n0lvFVJlPVsp-MTefvB7TWtVWvyslymLbnFDqHcQ	10830	6	true
1ByGC18Be2kPA2xUnZJYSzySSKvRYkSYE9yKeqBy9fSY	13127	7	true
1PiO6f3oGO4plsmQYgPpDdE3i-v63f6jRZq57lYpPkvo	13200	7	true
1SrM4TK3184J8U2JBHUxJG7XqFcEch7Al	8596	6	true
1rd5EmrmuFTp6YlAK5ZGkDrFKNFAd-Ch5	12271	5	true
1n9wyDgckuQLr-U1pNDencPdFeV5i3U6x	11212	5	true
1IgXcAd8PjT3DjYVluOOvLUu3v47mV7a66KO1ghemPvY	3141	3	true
1o4oqgvolK_VJ6ZiOlpW0OGeoo3AMKNRd	12379	10	true
1iJP4xrGR3CWuj72T-zxVcESWqg4zxoDzyw5j5KiyC0k	10624	7	true
1pm4qsAvuiiTj05V_Xegb7C5mJ9hRE8cg	11909	5	true
1EBVzAa5tKVA5XwNgqT9OqeWiJL7Sa97O	11876	7	true
1EdC3hMrcH592AYNZ9cxhKWeY2v-_5OoQBRXBiyeuLXs	5560	8	true
1LuhITFNo_Uo9QfkbyxQuxu1BY1SkHjlb	5637	4	true
12BRcZ-5AeD6UwBk1XkQEUi747CE01jPDSAL0nGxpUVA	8270	10	true
1-weT_8RbaBnOcGR-N9dIRONZQR4gbNIT	9125	5	true
1XdM5dWPAwDu5_r3l5zL7Z7CsLJtKmcBU	10341	5	true
10UoRkPm-qWddBQHyl5OH7Cl3e1V4ql-o	3421	4	true
1t-DjtjRt9lJQYmZjmHVOxwI75UWWDwaS	10624	5	true
10p7wBQ_R-uCcnH_6XPVMmubysoF5OMWTYRafZU8lNLU	3630	4	true
14o8MMvtAl1WrRcWCeOBk8qJHf8eJv9Lk	6284	4	true
1MoM67y-hN4ybEw0K6P_MBzPIDSuVvMwW	6992	4	true
1SCvhyOdySTtkME1a5ZcjgbrH0aY_QZQOl3g36Efkh-U	10424	10	true
1ztykSwkLCl1l-FpWMSZ2Gk2O8L2yFv1KqtEjKbmfFdM	15638	11	true
1hXYNzAGHugjMLMumJ0ISgFQgzcgOWZkqjBVvronM2tU	3524	4	true
16HoQxJ792ii5rJTp_VV2ppua_bOi0gDK	10147	10	true
1Jx0kRr679l2CuXfUfRf7AXtnnJCSKINXpPV2GfMvXJs	5605	4	true
1uz-cTZ3mnfXmMa1umwfIGsxeeDmq5-iK	13767	6	true
1FfcXRsRTKafF3UlimMX02ZXRLH5KLE-0XS0TSZX8QD8	2030	3	true
1r77wfBQmoxybItv1XY0Iyb7xzAe4qJroejTY6uDJbjI	5954	4	true
1h0zCAw7wlV3E0za7Qa1YNzOYfsJoQiQJmS_zYS9BmhI	2270	5	true
18ccrVmbbTUBUNOrmTh01fdntCwEyizjWgFyeOBbrf10	14469	12	true
1_WdMxwAVYn6vVLRNFdHX2UxQucqMsm9NbsLmJJDoXhw	22305	23	true
1NKqnYtcCmjTWWhSXhYImAXp0nWzuyROK4dlTHuh4Nh4	8443	11	true
1Q5JkeyQKm03lSXkVOmE2v9eaAIYQ9p8U	7292	7	true
1_Sc5ZBCTIoc_Ld4cp0Pfs0rd0-sm1bFz	8660	5	true
1pYWTiLoP-tfJMNeKgy-Cdm-PyuhZ_lHd	10830	5	true
17Ohy8qeiySzJiygGt3onGgifmcpJqsFF	1083	3	true
1NCsVZcKWWqglv42c5RYIT0yExddlmO_In7ynTUklQxk	2572	4	true
1E7bCGZytZFUGfEmfHGjYBEgD6pZGiyEo	10241	5	true
1rAQ0hqaFWe0cyyK5NRVZwHi7d1H1IbCK	11159	5	true
1FIeJHFQIhONcI31dZDNgORZUJ_g-S2EAtiSAWN9YKLo	2830	3	true
1TXTEljg7aPdPE73htyQi5k3jo8oIuM1A	9768	4	true
1MX_8Qf4cg6H0uvg0T-DxTzxYQmY1CZer	8629	5	true
1jSM4ZuIF97v-u3L1EAWmnkdNRM0C8f0i	12783	5	true
1Qg5g6x_niCgk0U-YPX53c2oC6FUAHCBz	10658	5	true
1pewjSBLj9QVsM-kOW56rcR1P_OS9e6WL	10186	6	true
1yXajNuv2WaV4STFMT9SuVAqvMGaW2zdw	11204	5	true
1C43IMpJuXPCj0y8hVqQQ7PnBRiwhWvUx8_jx-Io1wRE	1994	5	true
13unAi-NtP95vKAOl8GMyKZcu0qntF3ThNOrAnxt_dN0	6573	8	true
1Je0sKt9DzyMeRjWxeOWoLNLis9QhAZ4yGOTdHP3VcbM	3006	3	true
15sD0GXxyje6Jmw3U0ssGjZ6dqZcdkSujcCD07CF5rdc	1082	4	true
1V5jiOlOgBg_4rNTGigc3K7J9giXczT61EbiAs8b_5Xc	6796	4	true
18uK9oSruJyl_y948KaQ_mJ_bELBxnECe	12171	6	true
1ob7jWNrdvDVdv-wEcTfxMs7FO2JKqA8R	7670	9	true
1pvjn2_xk2NHMhWsdatQ-CknGAIGOsAPR	5524	4	true
1E5f7CyNrX6d8cw41tqxEu8uldz_Hw8NImStilZaxy9w	4685	7	true
1aDewz_43KFZkvY8QP7_MZb68QimAfOd59k_QhWg3RFs	8495	5	true
1-NBcBem0LxUJ0W1Q1f-A_q2Br_B8t52gkQj32zHXCeM	5870	5	true
1gZ-1bl8DJlTXyac4PwFTAvzC8Px7kNKT	9509	5	true
1xYZm9V-YoJMb6z-Qr6NVQrDWagap2XiE	11754	7	true
1jsBFv5BOLZr3efvCK2NW_l5QnVmgXOAm	1022	3	true
1L3abJV5_1kr0bfxswfhqKl-bW2WLIvmpY2AaEUXUM94	24401	9	true
1yPoqkGOMJ0Qdnb7jpBRArTsYt9Lh3v4s	11389	7	true
1zBT_BRTvH8FisK-6ash8g_Xpb57hctqj	15920	6	true
1jp9xa6EyEv_j6RnD9QbBDGpwFg5U2oMI	5715	4	true
1-sHHClLEnDF32CMUmZqKqojZv2ejbwLQ	7802	6	true
15-US5SPBAaCRN74FCPZ6n7ut1kmFPWq9	11146	9	true
1HGnqcrAvgFajb-WjPb25VGhlzbWOUk_TGEgIMRN-FYc	4090	5	true
1v-UHfLZNVQB6TuW13IFSj9pVsaiTh7Xw	3448	5	true
1JunQ5xaEoYZFMB4clMesyLjZl6GoWwo57hhFhX2yKYA	9740	5	true
13keJVQYTdRoHWZwIQKyjv3Z8J2_KoiyS	13856	6	true
1QcMJRA9RrOEbX5cRoatJQ1ul5iVweOtQ	12429	5	true
1YF0skGJsM6PvN_jVWSeXKgR1JZYNYtphVuVspLu61pc	6483	5	true
1_vmVvEZs56kK_LNXW2NwT0jQiDxfKRr5az5-72_xBRg	10353	6	true
1BebzXjHrMRhilrWt8BELxCNDiT5mgKpFVo9PNgnzv0o	9227	5	true
1AJmj53NzZoQJQwOiUqrdfq2YciSwC3HB	9806	3	true
1n08XwBMCFrVA-XqOqijvH2Kte-mXHs1z	13731	7	true
1M5_eNM8D_uw-rFxZrGc1hCfjUJPFUkan	11100	6	true
1WG_VVM481SYu5KteTC3il8FHEGX9k4b5	10684	5	true
15RFpOGMwV7NiGXVr-h9Xeey3u00Op10I	6188	5	true
1YImsGiw3tSB4eQTAcUbPWWoJwQqrxJei	12011	5	true
1-XmdH9_fHjoyIP84p4JyQHKGEA1jrHN4	6621	9	true
1_Kti-SSCmWovOwZ6A2KFdA5s1qoH1I4i	8728	5	true
1RRZsPaNNLEcnrJODjEi7Lvwgn-FU-WPK	12407	5	true
1w9oiT-lA57I_7_jadZ1FoJySuYJOqch1	11332	5	true
1fIRXbYjXMgZdMJfSNKl29sDdvjxElDi7FzdX_sMKFsc	11724	5	true
1I5ccXAYU0oPom3t5o4Hz4RRV2ue3sR-1	7812	5	true
1kBeeO1Fig_UzzZWnofGCivGEX4lPQAZZ	17946	6	true
1wnDJbbIBjz1DAZiu7gxBOb8xmvbOKVkT	11847	5	true
1JXxdPWUyP1tAaa3r3WPtoUg5e5uROBx3	14216	6	true
15PFmokjOYS--QXE0L_r2onbOevB5CJOv	9986	5	true
17K2tuWbYnOHY78LFaeiKjT7RXbJ88H-7	14342	11	true
1xYkBPnydBHEdItxuHYWhTHqixDHM432a	8439	5	true
1PE_dX7RWMNrF35W0ddZ8F4neNkoJtfhr	15454	3	true
1_lwrblQyYeGBkGDWsOztRXCjF4NNhGCT	11846	12	true
1cdxE-nAqbGWi-vanEL0kXNe4-G7QjdCIo_z4t89b-hk	6700	4	true
1odHK5SY0jiqiEhee-FKUM-zMC6WgbkMP	16357	6	true
1EQ9QVT2yMsq7oQDSOtL3OFozakOs63ZGy4CHUSo7lqw	1895	5	true
1JEJmLt8wurSerVW1QXeeIYXvJE-kTi9gV2eZkwsKBQI	4677	5	true
17wX2zuzmH7wQXMLBIWHzffcwVKs8EwoJQx7FiZXiKqQ	10399	5	true
1INjpBgmumH5G-dUHctYeE61f_Im-hKCW	6519	4	true
1NMVVn8QO3M6IdEKmNw7xMJMlz8-EMOo5	12665	5	true
17Z4phsNo_IPjorCZPLAW6L2Sq4avH6dc7LM01fkpljo	3871	6	true
15X_ixCozQUEbwJWUw1zi58iQwSX6ZxpBilYWfI75DyU	9565	6	true
1X4jL0dumCeJX3bHmHV8aj9w5kcvtfhOumRvNrPTp7OY	9139	4	true
1O13wObhv9A8Stq1FtzqGTKEO6q_JcFcEPvHOaVrr64Q	3479	5	true
1CqWVGiMB7K0ZdOGANGdNKAaikjdrAENpxgT9xzRSyCc	7518	6	true
1DeI1MV1-wTDRXESI0qR5i3B-bN7P3KXlSq3EQE7Ouhc	461	2	true
19yDxYOjD3JWQWo0heL7-_MmuScHYm-td	8192	4	true
1T9izfee84PPbkTiAe5G33u-0Dn0EEQpe	6194	4	true
1ebZAquNBAjKSKbZ8A2qot9ta0eqoQD9q	1340	4	true
18XW7rR4zxtTCmlRI6kTHXe_qB_cxWJs9	8905	5	true
1iY87djPfQNkUImY5Zt1u-cVWeNTzFUuq	5413	4	true
1H8yR9LMwEXhwcMioC9oCjuvLp6K2ydYo	5279	4	true
1tNhFnMf8tCbeyugYrsuJDiUlOKisBZcE	1379	4	true
1TVutemy4U8uWc4HQra2U4TlMvGFtQKU0	1506	4	true
1Fnqqz65C1QC84OSl53y7AZwkJkAmh0jIAAnl2vT-WgY	5028	5	true
1LfRwJVimPf0ugffVKkPqRXP3-z9Uza-cR2ZciRLJ4-Y	5192	6	true
1s_vUNOMHsnnCUJ_CNtITFTiJ2sG6HHyk28TtKFWuhso	6993	5	true
1B7F7w8w_KAP91BYPHJe-J2J5lUXQKIJoruBIfRV0lRA	7254	7	true
1ZcbmcQnRHrTvpBem5Q6FsR58kZAMtaQPdR6E3vAXfqg	0	0	false
1PShE911I7Si0b8JGT8VK8SBVnLEUsCK5iKOT3NAn654	3695	6	true
1Ifb9JOLzN3dfwES_BvUgzABW7Vuthb_lZwC1TLmDdpE	4185	6	true
1ftTirmM4RVzNj1ePdH3VRpA2D_lHzoNxOfr0BdRh4NU	17715	7	true
1g9UQSxaIk9LbCQMYNfQ3dQ7ERBi_hVNlq_HA4lc5Xuo	8550	6	true
1WPFYuLALOnUV6iMqY-PdNYYcn-FOIKcGGTUljoJpgHQ	9032	6	true
14drzu1mKrpSn4YJJUr9SMVVOa8welWM4irKt_IxXxYM	9166	6	true
1GoRAPsqofH0BmUSyIB6HalRryiaCg5LSmHtQisVQJXY	12182	6	true
1yCSvfv8m3DyCFOlyx4bcdFVQB_SZp8jVuREVYptAXXs	10669	6	true
1fvqLaLSCe8SyFJqfnh7FnFlzBAVZdr7Lt3bmLultWHA	10500	6	true
1lE4JpDglohPOro0lbLG2XAHQL8986aElEczYHRoWZxs	7805	5	true
1rX4IksrySFyaNvFKRBNJ32FVKQxk-dxOfEUCCKqqBIs	7123	5	true
19o0uJEIxbYiCY4hjOecE1ixo9I4G-Nm0SAfnrWU7HcQ	9054	6	true
1zXR8ijH-rQTh0Ai5P9HIiHFuP2dRe-6OsHne8qiqJnw	7480	5	true
1yfK5JjSEjchG2AlaHXccRah2Xb3L83ljl5x6928xURE	8341	5	true
1sWvUR1ebcY98zLSAj3NeXYx3MnXGZtHMPV63ZjbFOwI	2099	5	true
1GyI-J-m7NuUGDXH-ejdvpUNRqq2ECppRWfOggAr-MUY	5676	6	true
14cayhamkfRGJW2paC9KotHeUm6rIRd8UxPP1QjdM9FA	10676	7	true
1KehhN_ysNpigJP9AeuvmRITGKkNHyCT5omzS8xsIauY	14762	7	true
14RscCR_s5Gb_EpHhv6ZviCzAvgYqBxOHzK-gs0zNcPE	11265	5	true
1YhPizwEZTPkOyfytglN_KIzu_hxqwEUsp-ufQo9b3gA	27599	9	true
1akuiP1hYxZ2D0fhhCMBPwabgTqTEVCXj	2014	4	true
1fN92j9BkEO3r034lHUKfIoIFYgfFgUcU	3542	6	true
16nFU1merLNC1ySVRvITgeDqbfrEdZmC8	1611	4	true
1y-SM6WYEYLQ6YcbjeL99OwAj3C1K8VMU	1717	4	true
1YxGYcAeNxCe1dGwnHKUn6dFOotsiZhmx	3383	5	true
1hggKo7mI3OVnUkxWN-se5OE3U4vTXV0h	2778	5	true
1byl7E1UF-J3em6U2I-m5kHyBTpalVFt2	2423	5	true
1_mEFCGYM6LBVDHYlI0lTJzAMae7AI-n7su1CwG8IQcU	3100	5	true
1pV_9-ijazK_m6-6akz7DhWlklCmJeQL7	3462	5	true
1nGZooAbNTmppcjIQUzVEzG2XgC9u2SNi	6873	3	true
1p9meIVmkElaKpeCSQH52fvAHSVmy8wrh	3493	3	true
1PAycwoY8mBp0atGG7UIEeIrJFB4besCy	7034	10	true
1EZoeWmmGHJ1ibAKeUu5uH6gHdMX02pYF	6974	6	true
1qJjlPxoYMd2buEgNpAjbX37PkwzdMTu7XEtOsCVEO_I	2191	4	true
1YHRLDisXUd-so67J40MVvkKSledC5VrK	10734	9	true
1nWpGi6I7EM-3_NF9J9OlBkqHbYISYBNo	6635	3	true
1tpbiS2IpduWL4uzRPf0ebHZg_zLN9_Gz	6301	8	true
17WCLhlBVkZYbrY7KXizNHr-BtDQH7owGSHgP-UnyP90	8348	6	true
1sUk6EKyl8MRGe_cFegxhj39BkyDZRi9mOCnNQz7MfQ8	6599	4	true
17achQKwmHCmVNYjopqW6XasMIppQcJnXAbZ1HiuyrEI	12683	5	true
1kqK6OmzOiD9K7sDJxqUyIyJuvkLmBDk2	1601	5	true
1S7NpCctqHAR_jK049NbyU5PqyVUtV-1C	3492	5	true
1ItE3kwkXrlOMPEuybsqLtehi8JTMbHw5HrJtU6_tPFM	5293	5	true
1edGZeLbR1KX6lWRrvwTJ3EO1J55jc2hN	6461	14	true
1jHB3JcRuktyB4pD4cb3y5U1qamqHmBMU	4508	5	true
1gt-DCYi57V0lhCM0W_X3lfz1FTTQfKkYqWDYiMsKF3s	4016	4	true
1281tENhYJgS1mHoGaTEh1PTcap07bKOZXXkUocbDHZA	5998	4	true
19WaZuMqbPxnZvpeuX8WskqExA3D-TbFHN_L0vh6DoyE	7935	5	true
1yzJ29j3wAAEGGbCK0OK4Fzqyqi0AYobO	16339	7	true
1_2VltFyyFlMYVs-q7c96s9G6Y0HscRN98UulYLPPsys	8298	6	true
1PLnvJv9u0emZWRfSuSDJFiolsXVzwWCT	4326	3	true
1cx2cURQpTilo2qkQfJYyBIVqQq9ovK4K4KGe4eowyE4	3253	5	true
1qD379SFksQi2JfTkzrbAr9eijfwn1hZoa01dqkp5fm4	7135	6	true
1TVuJbjEmbMAhVEgXtqp4SCHXfCd5CZcF89h7LnTeC-s	6775	5	true
1P7zq8hu4GNSvl_PkDFS5i6Z1UEs4GaIT	5106	5	true
1JyvAR41KTdxPrDTVJn7yQ6RO4p_WVP4IAGGWj4UavNU	4104	5	true
1HYJQy4riP-oZPFdytTaB9E_sh3ljcJ57	8992	7	true
118AYvTRFjzAtVCnLLJP4BvHPXQAoQKGN	9860	6	true
1Zy_US6TlT57MHdxgqn38agMozv93dF3f	5611	5	true
1yydCFdCCeG9mrzN019AKT-D01QgKdJ4a	6750	5	true
1vU3Bgtfn8J_gP0ShwXRkOKySSgtHGPtZ	12457	6	true
1bcCDwFgFqHxIQ4Txrw-R5atFUELmXaS8	10169	6	true
17EjfQdelKkyIyaQZatdA9hh47DjYteJF	9067	6	true
1m4J81Loq5wlpHHFUn2FQ3hsyn9e_jiup	8833	6	true
1BzoOjdD-z4ieOf3WekPjgcItNzU-5vPM	11975	6	true
1KV4ECEYxQ7x-1CXt7DjvTodqTUE8zgRK	10045	6	true
13H3TecXsj1A9Rw3C8i3fv5xj2FK-jO8C	7825	7	true
1Mx-4vclWBdbV6eR04pgN5mrHPF2MQ7EY	14116	9	true
1FABHomf-iRdQpk7yFdlDAhGIbdDI7iVz	8713	6	true
1f66FUSAON3-5_YhhXqslGkIzf41CXnd8	8021	6	true
1u9TWUg3kT00oDzFMVEcztCQkfS6kQLIg	6467	6	true
1Iy19_S8RgEyFUEXHMcyuGOBwzoxTLkgu	3177	5	true
1XLzLQZsLtXXBfXHK9TmiCsJWjVKigo8s	4873	3	true
1KNOsA9bUbLos-nIlRO0cehGFtFroG_MVJJwVngPmrAU	26879	9	true
1yKhIW8QnwKKZDp1w7pznndL94d9LJInrItAZSUTpWbE	12162	9	true
1Zx7E9SLjbRUxYcPioR6UZGz-uIMxs_LjEOwC0LcS_yM	3341	5	true
1KG2I84C4Wd-yXV9d2BJUe8w2LIq94HLhaN72aTamdwQ	4913	5	true
19VREpRgzH4A_ie7n_4AE0fzSHpxOTrRyL14IZ_YvXo8	3701	5	true
1MfdXW9FoMNER2uSR4CmSuFKcvgXicJMMe0DjAXAoFs0	3871	5	true
1yciVAUUfw20tkfiE6tEnp0jk8frj11Rb	7343	10	true
1nWWFMnMJU9ecigxAOUGcj8-4hvu6cxWSn-LGLaat-6o	9780	10	true
1LovM7tln5JfBVcKZYD8mAVSyr72NlbvYHHZ72EGmaP4	5513	5	true
10TLgMl-YAVNZJN8_JCL63tivLFKNNKcAtYY2ZhJfWpA	6442	7	true
1Cs1niffnLs4L1_c2jjhe7GqkgC6pOqm6olD9rT8Yeks	9031	9	true
1LsvPiKqV7c5PNYqb_l-VIWtI0qyD-HlFNFpJPYf1J0c	11570	7	true
17LmXqqo_8fx2kfkNYHzarKarLEmuBbZ-YpTivETXOt4	4709	3	true
1IP4AFHgB4HLH8ZSAuxOOl8Bxe10Az7PXoyJtHM4tGVE	3686	6	true
1H17CC86GFaa6f8NRu8qxd43oYowZSgli5_Ib5RVxiDU	5702	5	true
1ScsPNCiDiRgwX7mjDKXCvfWe_sV-fVCv0OppgdmwkOE	11564	7	true
1i38Vot-F3aGyWV54g3SriTq1NaYBWRCgJOatV5KZnOs	11719	7	true
1GRpZwvr3yj4g8mkEnBpUSnivTR-xWA9k	2024	6	true
1kjqj1Fxcy9ZPuRWkiU1hMGKAvVbPShTZ	5185	4	true
1WSy-64frTMAjr76ICqG33tBDNwHsYgEmfghRlFM6IjU	9922	7	true
17XdNMS7TrkbYKPgnh8Vl4yXXIBO24p9yAP6veuQK3n8	11758	7	true
1gmC1-YaQGqC0v7uNvoeRhf3r4IYej6TorjdXgtmM40w	5981	7	true
1vFGXxrgE6TO8GTdvquH8876oa2Cl5kBoMGMJQ_zZVyM	5684	9	true
17WMJ8v3C_tdYRizmVKK5uCLllBqSxrUK52pbtPjCYP0	12717	7	true
155SyxfdYbenn9Nz8jMtNFfIHx64zdHkUzTfVQzi9xJU	5363	6	true
1KcHqKjMJvHnFsrN6T_zS35Z0uhNJLW63lPEpjocb9yA	11376	7	true
10syfFuPO7nip4Y-YV6DvKCiaufDy4Gv1dM9JYdsKZv0	11067	6	true
1sY8fIBj9hSmN6YbG0ylQGHG2_vHUT4iZqP6UIwrvNng	14331	6	true
1XxG6TG6ppbqiAaAiMHb9DLIO-qZ7AaCH	2683	4	true
1YcW0SHmA80Oc3ogyAYy4I8JYECx4M6pcu7ms8qDVIoU	7749	5	true
1M_trHYEqkQ0dyXo0PyrS6WmR1gvl-WxLRBBn9DwxLmo	11349	7	true
19nHYwdUP5OZ1QeQlxtIO2hph4u7MVB8DB8MTEQfs54M	3164	5	true
1sSDso6QrrBDlWnWWP0_mLTf-eHqW_XbekZisFciZkjU	1916	5	true
1yHk46topL9cbxFMLauDdx7cvmiPKGp8ucGmMwkFspt0	23187	8	true
1Y26M023b1wuhQaxO0ZBX7owvzS2fJo95	9201	8	true
1O5qHRpgOp663SxFOVAaDM5mKX21eZk2TNWzfRXu8bfo	3422	5	true
1Wkr2ChvsF3IHD8hEcgFEqcszuoDvoVXVkzaa2dwydYA	18765	12	true
1AQg_begTgDEv1z7OsMJK3Y7848VhKy28Zoy0Xp_GFmI	12170	5	true
1tQkn3p8rGeAJj_hHnzm1KaZ277lGr44DEH3jxmBAPC4	10153	5	true
1SfbMx8VVYb1hxZUfHuascwggXhB0Xnp4bQCziLBV-24	4764	6	true
1-RXrM4kFV3vFeekoUxzcIN8o-DGzVnyqvVA_bT5Ckhg	9389	6	true
1X45PmNBYyGHTGKm8KQk2bEOi3R43cKUU8VJfUz6VZdw	16342	9	true
1Wiqvrnl8IzmaCGA2aTgBetVdjlnK9ccJ	12027	5	true
1vZKBJ3K2xIiOQm1ZywlSstYjgiLgs5Cm	18635	6	true
1a0tvNX-JY8v3rFCVMTjKmQtLqDqFsfaY	5929	5	true
1zKj7JAjZ7rsXEuIL9QSxCMa3uXgZ9nmp	7921	6	true
1RuVprRO7ACvZe_YdY8tfQWkidafz3lc-	15913	6	true
14gA_8XjBopxHh4Sp-V2FvVWE865P1fEt	5485	4	true
1L9Afns9J9jVNtAVr7mvZCu8AsJJdG5ly	17995	6	true
1u3uzLwW89008REo2TGD7Q18AMvTAkJEb	11004	7	true
1Fd2I9-BYOiirlSQoil6VhWUQKCZgXLA8	9497	5	true
1M9prIjUzrsoKhKh6CZymR4PkdoMKGeTh	3623	4	true
1avbiri5laYR5qXcjyIPgjLFaV1rlP6ork3CMY1cM97M	4763	5	true
1EDE_AxAA6DMLD8jFDB9xItXOQaObZCgsJmXa4Z6mwbo	5248	5	true
1D9Nzi73l7f9mOvl22TOkYceL6WDEstbaWYocGKp-lk8	5349	5	true
1dkcWs6T6HyPUaukk4q8lx9lq8WYNamrTlRpWOTOZmMA	3702	4	true
14J9kI4LigPKerbqvSUmdIilEK72r9D3hGNsOieAUszg	7580	8	true
1weX3lsQL1acbfcLtJd7Er2vlFSf6FU9edT-DCJ7yff4	1077	4	true
1qPwmwR44XR__mu5JsPBcLzl6lnkzo6a_qfhHAFxI9Ms	17990	6	true
1acEyx8gqvjxgmYThYv3eIp2UOPjIJa8-p1eiIBuTWWw	8358	5	true
1zeNtnjz36PbgpjdVrYMaq-y-blbb5SpTUqsAVcGvOTA	4091	5	true
1VrB_CcNZPKPsYO3kHHZQsIBa0H5mmGO1S1U_A4_W3k4	10676	6	true
1ZpqWpcPmh0Kd_A8OkgfYPKC-Cva0DTFB8v9UJ-poWDM	8034	6	true
1Z-XntXoGSHpYJF0zktB7fXCswjzT0ogde1Dv6-m3RVM	25599	7	true
16LBrs_nrIm5AiAxbMz5jdIXub1gJePURBQOC7IyeYAY	25090	11	true
1FDHGTaDIkuDc69glFy44NTrbajv0Gc4x	5693	6	true
1Ik7_CcZUDEHpWomMAIDRNlJZ_IHR7FG9t2fGcDKNecM	33768	11	true
1LZWlRrCLSaNmlME53e4xMArKh_l7VoF2S2l_c_aF4CE	38341	15	true
12OKBgIHKaNV9Weas1cc1Oipd6_CYAwOaLs7rWhu93U8	23462	10	true
14XWzMd2i-zWDexdzMa-yd5PAj_s54dADApBpW1TT7ps	25523	17	true
1oDw99uOCLJ8s50EHnV7LXVJR989y4jsA	8750	6	true
1fH1l5X2hICNnqN62PyMZkteWIT1S6ulM-Z4wjbl16gE	3657	5	true
1VVBhksuOCCZe6yBy6jzaGeJA4-kc0pPI7akDnVFrkL0	15710	7	true
1SyB0rR5_neveeGMGtqCXuQiU59YgumqmAjkmEj8yZBU	13700	17	true
1DJDJAfGhCLBKyXki1ddbsDf5jbWEoI_EaRKMPwehVXw	29065	10	true
1gKj76zruLSEEiFQ4XISYUBsPjHINEJrYQT0keAhaqBA	7091	4	true
1mxoYC6qFSTd3zNBRgFSB2rcGZiAXKCxHPTQNaw7Gz_Q	9579	6	true
12h4f39CMuzFty6M1V7sraqP1WhH7UfJ9qFqjZvAfA5A	21853	7	true
16iCPiIzsrm2TLQwkMyhJizwAkMettsDi	4843	6	true
1ShEw5XQhSm8X1I_Gmwj_ccMe7twToBdzAx6KEIwECSQ	1888	5	true
1RcoFSCciPvk9hFMypeTKcKWU9Q6RPfpWlNmp9Bk5oH4	12477	7	true
1JfX4lPlgO_hI8GRLF5G2xONdIgHriDskTjf0-zIkV6U	13806	9	true
1VXT98a1TZORu2HEocjVyNfO-YkG2pfMlAumoEjtjF2I	11347	6	true
1zo9JVYf2S5bDz9pMtxb2XNf9t3cNQm_ZdcG8M-nl6A4	46296	14	true
1zYvm6gaVmbWkOCRHKZ6NVTY5xM4Mf1cjlKOUPrAfIZk	15355	6	true
12nrdMGJ3CKTNsdrsMJe6HNiKgwFJfg1tLNgSIO_0Rhc	0	0	false
1xR589pGOF48bv60v5Kx2MaqkiIiTtog-gj77Ao350kc	0	0	false
1C95hjA31YeUDJpUOloAITrhxMI-Y1iVN2a7XrPozlqQ	11461	5	true
1vYsIMrvq4Syg8KQEiGMZtlh3Uf3aPZsvZjcFtK-STpE	10415	5	true
1ZO8BotS6Tx19NDuHxie3aevMTIyomWE1IkBu4ND7jFE	16862	5	true
1KsiqLk22P5dm2AoNMJtOI0gC-YCOZ9F1EC4f4XM1xu0	12955	5	true
1oTKPMjFZOVXLwdJELXKvsTqcoX_C19hNeVkB53MN5bQ	10980	7	true
15hyZxd9jkbemv6KK1M49yAsipyNNwJ0K4fj0NMc0X8s	11208	8	true
1q_TbgIeD29De5duNKhY4hYL6-zuDwedmFHx-LF6CBVY	5962	5	true
1s7bC_GDCi8Md-wvKPrM9jXguu6aKzpTsgKrlwQ5ixrA	4806	5	true
1TJkKifLYcFrEdwh3L5qTIKVRNW7b-EQoDT4A1vCkppo	6740	4	true
1LSaq25pNlv9FzvQoIfw7hxBZN1gs_2Umsr-kjgbq59w	7195	5	true
12PW8ClO-MTIN5u7PZmgqvr21fSnLrwlMl07yGV1Fi5I	935	4	true
1wwG7SKQGfS0kXg-gU5VaxV2CjEE55isdNUaqYfCS-Yc	15642	10	true
1FpUQKs7h3yIcDQIOVF7iQLfDf6Keb33j_bH6njFZSao	0	0	false
1o0I4PRLS3cxj5xI5CbpAZGitC1yQHuj4	3719	5	true
1TCz5V3EaccnUZo8DyXp2JtOf4M9fFHoGm47bN_YzwqU	5911	5	true
1x5AbK53v_ngdjvh3W_ZCTxlEyMWptvbIYQdBkH3RAH4	2404	5	true
12hDoaE_FEWbLJD2UWuqjoGtaKd7Jim0lH-W8kwomG2A	4610	5	true
1MnOZz-OYYxYcM3vOgYD5Q8uSdP6qW3K50Av-sMiLta4	5640	5	true
1Ysqk09GCdwEIarslbZcRiGM51cHvChgQoQ0IQxLAt9M	2083	5	true
1BI9u8inrzuEkFW3mx3E2wsI0fX_zE-xro-Pg-u8Fl6E	7679	5	true
1Wpy9TDH2YyJtjfH9-8cUgzahi3zDEqAhugkUKZ0MDzI	542	2	true
1mzymn_qRUc2qze5nunTK2CijBhijVbIctW2EKRD3Tew	5911	5	true
1UQvXcjwNJuRa1S_dotfBg8ZK4Hl4ml7daXKsmzKfGCM	5911	5	true
1IGNli3j5PKUGoPPcd8eRtV2Tmprn_vElw_YghVY1W80	6368	5	true
1_jw7_XKi5a-LL3BGYXFvokAJj-N6Piy_z7JIGIlpIis	6702	4	true
19G05OTSfprvgQWTZ21DaSfI0-MCEBITDE18Wz86pCDI	1521	5	true
1KwJ4LJFspLq7FEJqj5kJyQq9C_GCT54XassCQ8r4Kr4	3154	5	true
1sJrhAIorgUW7PAdmHzj_H4R_6lEkzcSVA0YcrZ9yFhU	6039	4	true
1zA9_rD2d_SfVwfLDxpMfTBItDqd4xKqdlS6uaKhYZ6E	1647	5	true
1AKmY8_cF2Am98GcDEXRzERx5ZvvCt6x5gxVch1lRu08	5085	4	true
1I2RSPHyl4Tts252xzaPGfigRf97vqorZPxt2eZHTE7c	5911	5	true
1tPyiHg6R4rj72fvrx-QBesotGCA1ilLb_mii8l70SyU	7183	5	true
1-VTtnAKvP3QLloPGS-NrzJuUYCjQIqb6cGM5N6DqyBw	4887	6	true
12qAWC-TYZl8JOwts6XKdadqcOoAGYnnUu7VL-mmoo2o	2477	5	true
1zoZeC3WPeDEEZTvWqqkt_ZkIP2wIbxhk3ZkwsAQjNHY	3708	5	true
1cEKRQNOpYAtqDuIlsuiUeAmQ0hx3DrO2ZcnntlvPJX8	5725	8	true
1-IBVQ0LY4soK9jYpgQpmuZyAwvxS0LN_Do6Tss4_H78	3669	5	true
17Y-1_jCme2vELrX5d-tydl4_5hem0A_dm1JmnVQ2UTo	5554	6	true
1fG7uK3dWnp14l0tDPgcIrygNMxYK_ewsexVgXNXEvCM	5911	5	true
1pEaAPCek-CAImwyQtqnqsPLD0ZBwA5IMrT9FimoxbhU	2572	5	true
107asoEkJe35Kzj0R5errgPn3GnzycxdLERxiWxo_rH8	12396	6	true
1YxHhfvM9MlrSxVL4dhCeKVjY_MV5RUzqzvudxdk1ISA	4426	6	true
1cPOlzylw8EulxLD-FspbAAn4L1b9OfFBUZU_creAz_4	2113	5	true
1xRXe-ZLAmy1CaGnmR6oJLqaEVQJLngq9U5YYXA5KHa4	2953	5	true
1ksHWyd_7NdBh2-oq5eV4Z9ex2wH58RR6fCMQioDeihg	7091	5	true
1MRTzmvhdaeh4t-wpNC8m_oDC23osgTVwuzcPd6Wv1Gg	3062	5	true
16W_hjUlTFtLqOEGKEvCMkHCswx56UIsCsuGF77T6VTc	6958	7	true
1ciZ7Fs6sWgXQV72l4RNSMb7A9sX_AU0fMNXJHDiGq00	5911	5	true
1lx5mcTB9iY4V9NP1KkygF18jXJemU-wUzKSGIx-nTq4	10183	6	true
1sRAd4gs4ML3-_1XOGDxQGYuA0z-4mXaEUN6PLwFW4n0	4405	5	true
1YWNG_RNwbD9_Ld0oYgghqpb8WN3F2CiZspORzvniGGU	9718	6	true
14QMwxtYDnbe--X0hOGdShmaXBSKhu6V45v8yHJyRxEU	1394	5	true
1YPFGdPCtTDW4MLo4pNOqzo7RocgVFBl0rwUflNB9wC8	3367	4	true
1_cnmgGoOpINnWIYvd2qME_owndLcFlyxm8gT7qtry68	2661	5	true
1AbmoHOFX2jLu4tg3m1gxVrXbH3xfjImyBPqSfoMd-PU	3337	5	true
1DjCAsbZyL8rAIHG_xSshUmeL30WWjxZVX5Q42Qm1ZK4	2078	5	true
16JMu5y5WMdqI6BiVOxLlOgX7zMUccuwAsG1mCesHcmk	2504	4	true
1zYP479u8PlJ-50NLHTLLXlI-lOLbedcO3PI4Ss6ahZQ	4239	3	true
1z9UtgZzXhxF4NPLWGu0Up3LDw3ciZUWU8tWnGOj2F-4	2064	7	true
1boaidZxzADB2qPo5zUbZWNiDToYFbYHGAXagmJpkSfU	3913	6	true
1VyX7WahMQqImi22mRjBvl8fV8C-XFRskL-_eYunxkSM	3552	6	true
10Q6abGFMTCZP3dvH9UKm2XsyNAiRKCJXigzOV6uNyac	1536	4	true
1vUBzEo1SgmX36Pw8O_y_Xi76liStb9-g9tJYLmtH7rU	5809	7	true
18imwhbsaKHlxedRyMrLOYJ01AsOumR0hs_Oo_uTOsjg	3379	5	true
1Zy7jehWkc1D3XDRga8Uusth9FBjO19fo7M1G1tAuR5Q	9466	10	true
16XKWl9tccXde46UH0Vnu8dUHepmupbDTJ5DH0X4D4KE	3866	6	true
1acNTm4ywE-JliQgPvhf8EA7UHCPB85HYxWFTBHxtYb0	3850	6	true
1D0wj5obIvqXd9mriFFvwGpR29Klbd5Q2NWAjhH9QBqI	3545	6	true
1rjndau8koPYhmQf9aXf0qh-5vT-ZpJawiBSdk155jec	3867	6	true
1lUnLkjMzp6wj0JX1_UP3o1e-P8RKa6Hg4h2DD1FOzRI	3533	6	true
13A4kg4hjRGzpXIRLUV3c-DrWKCk19puGVspKuurobsQ	3866	6	true
1QMn9nT3SGRkrC5wxnSqQAaxyHz2iMJ0ZBjpOXllaNEU	3654	6	true
1byIsfaYoqlUdehj4NxyIy1d2mRwGDPt_ZoXcr22Iego	3552	6	true
1ACi7E3pDzIXJcVohfIIp0oEZQFdJ8Af_nzPRfYdAiEk	3552	6	true
1IGBZ-1dXLeijiF-w5Kfve_qFsrhVHo2s1WoTJarXiSQ	3552	6	true
1SpqozKLRxpPCEQT84POMzWX7t-mmemAWuoU-f2UNf1s	3545	6	true
1rSJlRocwLDWhFu5Kix0KtlRCU_vgNITeYFAR5NDcvYI	3552	6	true
1KFSJ31B8S8ltVlEMISYedXx2nC5xoOAPuuOxor37IbM	3866	6	true
1izfYNlqCkemjYaNGO7SOULGxfrcn6TZyD5D9PamvFa0	3552	6	true
1DUnveHTzw_P_BqI_g2nUwdcmL02cRgfhtHnjQvWB_jg	3632	6	true
1OyhImAKKwcN0g3vn4R5xKuc2Zh1TZczd93iCbdS0VVc	3552	6	true
1D25yQ1XswlaPNnUJC3bETd3RK5EFfECxXB5b8WXiekE	3985	6	true
1SrUwLtaPj0PfwEgaZ2Y5NALM3F1B0Cvm5NVED93HvUg	3866	6	true
1ip9RdjRhY8Yy_OzgdRjiM6387E1hjz3Y50wjEKvnix0	4445	6	true
12-0kRI0_8IJoi55L0dlN3Ws4RlWlZi3ehGhee1A1BaM	1747	5	true
1EFMpuXF6HYJ9wQdeT8wJsgGAbs1Yyz7LbEEQo34Wogw	1336	5	true
1ATfhgg4yZ1jiLYwos8_9n1vEK3uU6srbXuQtuA7INdA	3727	5	true
12DiqVZErTsapA4nxCZ-DtJ97WN_qb7qx3-2gB6PeqP0	3840	6	true
1qilX02MKC9pF2-iDu5vLG8ItNz8C6on-Otjn1Z01VbM	3552	6	true
1xhgMDmUF4NGASKrZ8EQqAHfhbhbm_wSHYmqP368FEFQ	2764	5	true
11wMlwyxKASnwLjv0HozInWDr7mT7evxjASAq1XQx6DI	2802	5	true
1PxW4xjfHkOePJoamgzuhESL0wvbXTSAyQotqgcuVOMA	1953	5	true
1DCFsJKCxxO3XmpBMX6MmQHY0Ox36-dya	3209	5	true
1x8cPT0KMfzVZ0bThvumjEXEzkuBUNDn0_fBctTZAhCs	3509	6	true
1qSwqgnFhr5vUe_aUfb40SnyA0cPvFAAUBM3nNmRCnNQ	2072	5	true
1jhR2I4kurKj6sRU6iXjfU_ZGjrJVgDL5dIgo4VMwCpY	1436	4	true
1csjOlDfV5O_jUgL16I3lqrLNL0cjUFTDdvyR5F_rDMU	2936	5	true
1lH7JY25_-5rPyGSzJLl-6PHMZzFeRegLsNdD2BDql7I	1908	5	true
1dIboR3J-wZKin4giFqG4rHCNMVMd5LcHSWwNVRjWmZM	3654	6	true
1SOjsj22oXc4esJAuSsSlu7G0gh3HQ88y	2286	5	true
14psintuWDQPELWkSOmOV3IGQYnl3ltmhfO0qiquGG8s	5801	7	true
1WHWJr3iix0DrRBTWyznVgqF-R3hxYWnZPULkdUNMkhg	3654	6	true
1Gro76XX9Lx9QSMnW0aBbDXqRTLo7Wf5PWM6a2GDIqg8	3654	6	true
1rbp26xvynb1eoINlWFH2ntUqL5vJ8Tbe	6693	5	true
1G2_3lWqde0ZXRGNDWP8YVMURxDpMwDKo	7048	6	true
1q6M3uy6JfArFqBdBoxehm-MuLMXxDPs4	7251	4	true
1KC3ElYdca9_N9qzONc08GN7QZcxeOihM	4474	4	true
1ZKkruaBk006qm5FYiYDyfKygVH456ftg	2196	4	true
18uAAMOZkh75a068A6bsUDjW9RZJW6zhf	10034	9	true
1l5Y6KKCxqURqNzcvyTZ7H_d9YhdFjloU	8730	7	true
1egBRmghx7NTfBEPXQ5t2GGi_pi537UWg	11753	6	true
1uFdapphXYaueA3uKLoZgymW-UqZqlz7O	6585	9	true
11Wh7Fx4XYcASMO6C7MYjOI4Us8Omb3Kl	9404	5	true
19CQoRrzXZv8ZxoCbTWyJD1aCqd88MGT6	9968	7	true
1tqs7ixitjlj8cLmKX5uqn6z6BTH-AzX8	6284	3	true
1ubvdrjgE0zgNehHIuwYRGcYeEIxPIBjC	7882	8	true
1MHwW-Iln-jFqEXvuu2Fz28_uHSXyNztr	10657	6	true
1gJN8SoGbX4QUjld3PC70RNc-F2N1bmq9	2650	5	true
1IS5WonFsMy3zjygMCPic7iLX1o5oBe7XaKN85ayo5KY	6951	5	true
1dh7hWSl0Nh_x_QmrUtqZ33cI-Yrf0E0epcwPPmdfzuA	7463	5	true
1xQse5Vck4QwweMs61nGIc0WsU1Z-fZtsCghri0UtC20	11448	6	true
1mJ9A-AYoRYuR9eh3TZx59-dkoceZMu5C3qbSYWXZ95M	7472	5	true
1nKRnkEZRPKXjRknAHzJ0UXFF12wP8oK8Bbk5ZrWRyFw	7908	5	true
1F08Uu0BVv8qVRkPSl9z4Lg8vSPqioWzT5IA9j7hIn-4	5803	6	true
1Si6TdX97Hll4cTvdb_ZyshN0YDBWuxzr	2265	4	true
1AxfbF9Q0C1Mdh-fIhxs55FYkb7r9-Q6l	1524	3	true
1shURb3DHnMYhMxA-lmPI7UiuLVYkpQBJ9gr5_0SkWxU	35622	34	true
17L8QnzzHi5WBb4UqHmlTP2mIEjgeCV2CE6fqITcVI9I	14725	6	true
1vAOV9Zy56jEAy9FGk4hKc3wJW6gKxbTMJQAowb1D6xo	1857	5	true
1eXQd1mv20S8AXhiBDDqqqEZrgRqtx-hqHs19wi8F2gE	1239	5	true
1hAh16Dg5arJUGddH8ESxuCYBjpBlgeWconAZ4fgOdvI	2268	5	true
1ACsv1BZE9k13-BgViDrkRxVwVauhzYqEqopxxTQw9go	3654	6	true
17nGqz3XmixUgsoP9zl341dHB9n5oaz-z	3654	6	true
1hDkjyY4olfFpWQPPbEdquCaseNR7G_9VxqiYmgH3AkI	3293	4	true
1yb5x3D2TzS8xfXKKVUflXWo0vmeHZo1VMvi_Fu3mTP4	28739	10	true
1Hbouhu0zAR3lLiJHDT6FLin2gaW42_3Nl-d5OYKf4Ak	27421	12	true
1Y7fIQZJTeR4GylQTB8Zwp_yH4LT6HcYq	5151	6	true
14U0J_LVe75zhDVZwwKcnG0rrLsd8yNdPZUzGk2ocLe8	16490	8	true
1wqRTQ42fekEVAtQXPL3ACbDNvNtD6a6urZFNK6HNiys	22534	9	true
18XG1O4s2ZoBlbzbKSP4-NzGcsDxqZtvkbadW53pESY4	35523	12	true
1l2x-GsghJfO3qbMH60R2kChjYqoBcBKlQwEPUXPwNbE	6721	5	true
1xhJNy4QcmsCwsJnSK9NzfbvJ3DwMkYvv5ZB-eKUVc-Q	11013	5	true
1KD6oaMFtOW3XGQISyO99JYNshQijxQ73L77kVQHT230	6931	4	true
1WEt0G20_v7TilMhQ-S24WsR-MijsSCy9AUxzaZFFGa0	1350	5	true
1kvIjcv92-gWdoegOmSC0v6Nv-eKDza4eZ_k16aUx73c	1233	5	true
1nzCBjX_9siLytlKJUQ7ovJgoxUs_z3YmWHsXpzIMv5A	1198	5	true
1G1rHXGHEpyL_kY8Ur-Q81XskjDmTw0GiLwv_I524dME	1558	5	true
1hCnVa6du7wZ_xGSW-aBmdeuq6UV_Buyn6V5WAFHwUzA	15480	15	true
1x6zpwP6jKR-CGtK75zlbza3YfEOsDkJ-Xh3JZ1xNboQ	49280	15	true
1WT-9QKt-OOqMWj8-bpnO6u22p6WIhnX7ZdIC9kjfklw	28342	10	true
19iGac669Fc3LeGmUhKbb_j9is9vJwxfIW9lMRUkvuy8	16718	11	true
15AH68SKByAsVS_sQbpYfWndcmxbR88a_AWZmAMy5c0U	32125	15	true
1Vz-VKq1fveT3WROmYj9Cba-W_cQQfuyGfmt78MjEPBM	10103	6	true
1SIxzJFd4Xk4ioXw0YQmRAQboMXif7inbky4khvmudOQ	12116	8	true
1hOA9ZhhAm2tphfWyVVXkovOd0JM-7bnVPR2IA29dHQs	35692	18	true
14MWFg43tdbp6Nu0s04WgBfMKaafoctnWPRcwIcGqlOs	11313	5	true
1NXIyTscgElowsaYg0XQBem4S05HUlGDrvjFXfScE3KA	11186	5	true
1vFgDUGJzD2M79_FY2JscNpjijkQpkrPEvUrgbpIsyUc	2526	6	true
1PVrcoHDhO_KNup65KfOMLSgfd3Awr9_vch35AW5oaiY	17214	10	true
1jpAOZ9DAFt7w_lkgBP_ks1EHfpyr717Dmi7JX1llyHk	9358	6	true
1eQVXD3e1tttk9R2cLsh7RKVMRossC76p4TA7BXG0OB4	2185	4	true
1J2uLYXEyP5x_m_O085IAttiHPhiY9TKmokUa9GzeilU	6922	6	true
1aq34y30QDAvDAeQ5OhD8KL59J1F-ll9pntJoAd3lewA	8935	6	true
1zEHp38Y8e_gvoutEQa8pILEYT0-c5_gK_gLXjkGxSKw	6852	5	true
1wtk5zUhzJ4Avnu22zTYmMAffpxkEGTHHSqh-qlXbSZ0	6745	5	true
1pbrDEGMSwckLw68HM9QafW4KPkMGrhekfafZ6Gp-0xQ	19440	22	true
1tAla-MOQFboLOyqNAxMNJKSuT1bOWzjQP9MEOnccnzY	16877	22	true
1V6cSctJwWnuMPL2jEcEP1D7ap081eFRkyvVp3QcfRls	13686	6	true
1HcgIBt4zY_wNnfPVOu1bc1cW7XACTRsckP0c3lOxV48	10411	7	true
1z0MVfkaQanLoYR6UTjJRRvLJUNen0nq948rRKh_Wl3E	11916	5	true
137KsKCvEtENNhtU60-Mpn--BWi2VDijamW0MFsk09ys	8891	6	true
1IH6a6iNQwQc33QOOtMhMymc5lMbmP3pA56hphDV9fV4	15633	6	true
124e-XH845slzmZ2PxDj4hcsp0AdkISsv	19067	7	true
12FRWGlkYzPyZtF7v6z_YxO720oRiC4eh7jUhr_qf4_4	14619	7	true
15lE1pPjBl_4FnU_XH3mmmUAPFPoNAb9qm3BAZ80_tQ4	10319	7	true
15n7FRCPmNttgst18DCKSSGRncUclhmZNPkvnqC5gNY0	11368	7	true
1PUbXG2smJILJHbiB5AmFPhkw6RhLQbr8xC2Zi7y662A	8949	6	true
1KpAeN09uiawU0uXH4L3yr21yKkzPjYQwOn5OK8mrctw	20040	9	true
1lc5oksG6FH5vAD-c4kYkXb0b3Zq24I386rYlfj4wrCI	25939	10	true
1Tp1K27VsE4lWaNKRtbKes9mt-njv_PkbHxqhTGl7-tI	51508	22	true
1eEkCeot6ecS0TA25qODNNMRfvJnDt3U1oJOQKC-a118	47270	16	true
1b6Z3u2iKECrqWghfXnXyr8xhEoTUo3TY-8N_PirVHy4	19198	9	true
1zA1VnTrTHmhRfKUkfBqwooRcrEaTbUJSP4EwV2n6mf8	27689	10	true
1Hv8ZxZ1uNUX8ZH-3WGWO5fASImBdzdinRemL4iR1c_g	7614	6	true
1E4phxH5UHN5i6uOc5ASQ7hS-fz7t04884yM2Z17d9gM	12188	7	true
11TUDzS1nT5iSow0eQfU5Oj_AAwfnZ95mX5dfLKng9hM	12019	7	true
1l0807VU-83X-AjfFP9I7_rU5vtxVRFn2Xv6K_nptEKU	11997	7	true
168duDb05W0kDZUqQEGxeyIKEZMrL0TON	14795	7	true
12y3sSK1LBgop5Ko9YeCym2-TIJ8nP_qQdFdvBve9H-M	6158	6	true
177-0RytIORWjQmsYhUUpmW21_8RC2J3PaTGBoD9IDgg	10039	6	true
1ifbC2QdmpTgqWFe-ny4gnLaj5fwLjjV_hSP0dJgQsP0	5601	6	true
1X70YQFj_kl97UcFBSVt2LNB61E_6yR2b-7ZIzSXeEJc	11711	7	true
1pmSoWWp7Tq0dk_SR6XTiEJ7qzOA9LaOLJptdTUdZDDk	17539	8	true
1mcrQk3YtHcvAPWc0iNNT_lYwVAzsr6ovl5hD2wg2TXA	17868	8	true
1wT2V7PPkwAETN-7MVYfKu0esZRBQy4YJ	4348	6	true
15SechOsISqrwoY3bagSNhbNpDCdo1CTY	3447	5	true
1bVV2ad5rZnzXNxV53KmelKspd6FduDgiypYhYWUmJNQ	6251	6	true
1rD7vaeiR8peeuqO_9OVj1-VP2GJvpu9qdRz0WsB0hug	6358	4	true
1VWWCv11sf32oWbVQkPBA7QuniC9_CPFNfv_xIQGxDzk	6459	6	true
1h5F0DXdDahS50F_RV5ipqyK0GOEVJjIg	4591	5	true
1kalf5cNRUxr0CqqymnQZMNBg6rE8BdOkOoBptHV4YnE	6811	6	true
1GrvqfshhxgyDyHEjZ5oX-POY7PW6N5Kx099RFfFNFaA	2928	3	true
11NiAdQKdCg-BGOWjOJ-9DmVeExzfKrtu_rJhSyzGsTc	6367	4	true
1_m-p-QBDdUN0Vh_u8HF4WM8_5saQbVKcU_jBFEWxG-8	5718	3	true
13LDjMW8xTAKAxS6E3OTgKypoYuhIS36CCi4oJOCPfVw	3629	4	true
1caUr4p3wCNMps0Z9jrP9711WZACwhGaWYzfxP2_t9bk	5821	4	true
1h6n9paqhXlbP-2fHGIqtYBJTE4Z_Tyo4Dg0HVudmWqg	3793	4	true
12QKrXMm4lWK803TjQb5NzkZZcuAzdkHkCZZs9BOwUdc	7566	5	true
1Gs2zOsWg_zypJRNlB8Lw50oWaIF0ow7Ljosl83NJm4o	6847	4	true
1xmBGCY7xMMSsCyrQ41K7QP2eK9iGv6mAluFQ9z33Buw	9772	5	true
1IX1WaMtsUZSMghZ5PoQqgBfKHXdyjCaQBFCNSOQPlW4	11380	4	true
1a-irTFY6YAGDGNiccYiKCzPi_-V7rLD2x0qg0YxLJw8	10940	4	true
1qxFgzSyM7hvDsDvp87HtUS5E_2SJTzN9	8750	6	true
1eHTKlNg6UZYYe2SLZady53ReKtOBvm3Mryv001TsW2Y	3237	5	true
1T0IuBEFbA2foDNeqkbEWl-8kAplRBJSHu33j1___xPE	1842	5	true
1-0MhqsAygkka6c4HIsK6p-fepNPMP_uSV0dKdozhGg0	1339	4	true
1zutCKVFZZHVzuIomXWo1KnVEBtY8vGSI	9336	5	true
19XNJsAQ6kFeUqUestfY6QVv5SjaRgjA7nWELGYqrnzQ	30575	10	true
1XvNbZHyZ-ioWCF6JQRunWF2iOz1d8iHdH2TfxzWzR-A	19665	8	true
1x7cNgVLCSswXeZXZJ0Dr-lqqCHmjma9huQiyxhTwLMc	5046	4	true
1gb7rIuTsJk7f9rYRKGyXmN-4aGsDxKJScCMXarNuEYM	10365	5	true
1W4Lc03WNsm4tDBaoJQd4tqLVtX-PkfHVpSs4R9k1bxM	3910	4	true
1y4O_7i0ebKYqL7YyongZc40S4ZGIWSqVOXFr42ZsxYk	5721	10	true
1lre42MgalZ4ObfYriiFhaSPcpCRLCnFE	8869	9	true
1PoSo7ecmHz082i6Bl_R_hxznfWv2J95j1kFYaM5KvxA	1365	4	true
17iQ6uaCNprV1K10VirlauCRkiNZf1Zf0	7070	5	true
19jyd_Aeqnoq5egvx207IkR7GZsDp_pHz	4968	4	true
1K8W9y2eWOB30iExdbkFSxBZ35OH-1gg1lSp6nRUpJMg	2699	3	true
1o4p1C_w27_fnpVYQtm5UroAIOSsYTjOsa0zGtT_lAHo	14926	6	true
1FstX8rqdtIy4m57byMb1aMv3wYxCY6ESRv5LPCbN2G0	8130	5	true
1uq72I3MOEA3aRtNP4RzqFlnN0PTOilGIL2pGfOQ_5NA	3714	4	true
1i0TW9w3dOM95aOgYuLVA_wB70jlz6URtBv1GHmzAxj4	3559	4	true
1lCdejhwmFgDu4lG8S5kfCdXRtVW7NcfXQAtdcNjnkVg	3854	6	true
166fx4Lt6Zu7QjVhhki8A_48JLNcR1_pYwsYfZI81xLk	5926	4	true
10j0hBFzCAvyPiUBQX5v5iAHXmjf48u9G0Rs3nXQvBTk	3521	4	true
1NAaWZdbNXZmfBMxUUxow_F4x3KQbSRKg68k8jT1kOD8	7050	4	true
18ho7fdkl99wG_mPppJ3UZFO9IqSjqtwjqBljAzSZUVU	5791	4	true
1drsS2hqgGLnlvcEcPMi-CA7sfN2qSGcb	7035	4	true
12sHAhBlq46RcL5gMOS1BmH9KshFPEtad	9377	5	true
1FrawDSDTNm1cBfu8KAtxByvaUA47Syut	9857	7	true
1c6DYQyRzCUUtVdp1wsgBwMy3ahihLhco	8226	5	true
1OBhMqudCI878kZZnNbWv4zvz3ynjmjAI1j8g57o-9Vc	10976	5	true
1C5tKF6ya0hurFRsFpDQ-Y0Nc1PlN20X_lBaJVmYWXD0	1023	3	true
1UxKbB4IyMablcrVF8TB3k1GQl-3-SI-4lLQ1MndyX90	3910	5	true
1ptV7f2vWD4iaqQbP0TfrL3tIBPPo5PG72QzN9Cg_1-c	2766	4	true
1a-WCyif1GmPdE25U0JRUQ7Iaidp7JRqy	4454	4	true
1nM1zJxJbBQUe3zEptjn8Wm2hRZiapb1N	6594	4	true
1pBASRSKrDQ8dHri9zymXjPYIoBgjCAf0CYH90ecmFoM	4864	4	true
1i8Q90BPC4jXEkThGTA0hig3rmFyquOEs	4617	4	true
12ULygbnD-2FOfN5VnC7cAZPbp7v-VJrH2PzKIsguirs	5594	8	true
1LBcHgWe4QiU0l9ZtE-mDVeE43psfg6zrB9F5MmhbHXY	3775	4	true
1QeiM3O7TltwuUlFekaFWnB3FrMkcgcSnvcvTbsM6J_E	8946	7	true
12iFfDzO2LpcePfTaZce7M38vcixV66LMiCz6iY6tPKQ	2305	4	true
1WeQnVa4FZavwRGfkuv6SIFy6JfhnI6FN	11456	7	true
1j-X0TfV4GCwhdQkFPPDr8aA96WIfcX-KpxFvBhh1Gmo	11094	5	true
19UpGleYoLRFn6jy5d8t6y1gacqIgD52AGUDzk1Mp1WA	3155	4	true
1_pDTk0HSjVpw-T1upkwAoeTfUDrYYABmhwOAG8nxF1c	19549	7	true
1OrUaBOVyfm_WH-DnfnF6_q_RuvSouEH9	5541	9	true
1E73WEXQGqVQUC2QIe-A26L2d3hHm8-xp	10709	5	true
15VagRfndzI2i5Ed_KrF8S2U4bkk3ETOHIIbyhKooQUg	4424	6	true
14DUTSzSzbIpCRHnhtuAK_Xboy1Lwnr7HifxCono0agY	4448	4	true
1djhChVvwaMeM-_65WdIpEJPK4McGfKg-NFd1ADGXpmc	4548	4	true
1bjiSkw79E7VSHIj_PAO_LdUp3zyk-v3CvF8wmmCsCkk	0	0	false
15IMo9qHM8QXhjc5qKgHydcMIn161q6OB	4942	8	true
1avRaJYRNAj9qVJzNpx3gYi7paBlIp-S-0rp0kv-NAOs	3453	5	true
1QYimO-ll0gtVobYi3siiZiMyqUZY3aHU	9761	6	true
1WPmZIOdFoaStVYBMOORO5tgzUv2ZN5lv	5206	4	true
15Iqp09uek8ZOWw3gZzm4DZMnTKF8Q2dJ	10904	5	true
1m7rZrqP6hPHVi6YllEU7j-gw3VPQcf5kkhlZA6CaNFY	7631	5	true
1xGpLQj7x3mi9yIcj_gCE4-Wm-g5V8ExiLFDRHBpa8HM	4227	4	true
1UIdjeOuj4iBseJYxCgkC-ioFMPVGDc3U	13205	10	true
1e5wsRPYlSew_AgmtsI1Upn5xk8Fcx7Aw	9758	9	true
1XFGfVx75SJtWGY0ANaKFnrR2zX9svY6u	8947	11	true
189ZFbrxnO4k6YSWkOBVeMAf827leWTHQ	8203	5	true
1D-KLjXRVCAKVAAbJjblnxmDcVbwua6zb	11357	5	true
13UKhsW-QTuNpBxENZgxycQ3pxAkD2GEpvkEkcIS6ddY	17267	6	true
1y-7q3_Ox8CERuMDLy9qBmSkbnSK89qPRDpo88HEAGeA	21642	8	true
1BvRmGtSzoLqHmYFiP93V96VOte68ANTa	5009	5	true
1GWYo7YZHHppzx41vpsXv5KxjfFiGzqUQ	10007	3	true
1T-1butcCV_udiahKATul5Nn0TYipNSr5	14860	6	true
1WU0uig972fZrM_JX1s7yN52wvJIHhy2zbpd0IK3gsgA	1677	4	true
1ncxvQldWf9r-FxsOCK_jvbwLeqKnlLjFS5Fj37GEtcs	3956	4	true
1eEXafz1TLTN9kykFyBLcILgt10G0a4u9	6590	4	true
1v14qIOBOUiiuh6lIoqEEWNna-schmOfspHb_J-B8Fos	8301	9	true
16lhdyjAgbxkJbqk4Jrj_3cwFGV8Y289i	13341	8	true
1O4TqoGRvAfG2qYRItIlKBRiVnLAlIVFG	8430	3	true
1Pf9fhYmkQES55I5CGYbS-PQ64MUTeVKDDR3J83Cuv3o	3700	5	true
1Yoo-maIELfgHA4qD0FFoW18OpvFnJKC4	8909	5	true
1Br3I1qdCKsYbyRGKOsEFYuiNjyiNfS2OXeFsp5Sq7AU	1937	4	true
1SYIMw1u_vBoDr1EpRVc4Tr4vbrnppHRgSobsnQiJ2T4	5796	4	true
1TFd9NmV7tDaupItDQfJWWev8hpfc_PZnvgDBnRbO6PU	6016	4	true
1qjrPdPV-DtwBhqMGS9_Ek4APTTIDGhoz	9444	5	true
1vVw73F30t5KeOchgRtE81qjsg10r_2b1	7734	5	true
1dojk6RNhY5kM2oOPBSGdymmjpbSNfZ4GgRrZJ0wRr88	2987	5	true
1YTLyX7vhA1Bo-oMEkYBEAdJSbSCmDB7AHP-Lb-QYpSQ	9095	6	true
1H8U6xWrBQ3pz_svnqHCyzD04vdMeuOUO4sERb4EbZc8	1955	4	true
1sKIUsozrml15MnbhamM7IjlYLzlu8Ran	3170	5	true
1zb9dKlh0W8SUYXSwbLyvVMyBH2U3dLRM	9976	3	true
1qpqUm8JlnE4E656gwPDHwQ5yvR_i-qyA	3473	4	true
1y7aVmP95JqnOTnK7-Z4364w5Dhu6TrTY	0	0	false
1wTmlRWCWZRs8thWVAorScR21gafHJjYgEHHYszlmJRc	6193	4	true
1RBh7DeREjCqPHBtPoSdPqFN11BWRV5BuxtgsI1Tkigc	6874	4	true
1DUfw3cyl79HnPZiV5dwsYtt-RlaV4EWPT7rgE2yaSZQ	1566	4	true
1H2Pa7IuQGXoQoqRNlTDdUOEaoyco8dPJ	8974	6	true
1AJ84ZQyxYD-D91SnaMaOaxpwXNrkpfB4JkmiJrAkq9U	7326	5	true
1-i1NAtoSSVWLw7ivIkwlnLPRkAwcnBgycvkawxC9KqE	3777	4	true
1vKKI8kpeMkYae6L56HqByC2z6y_Y3VQ6Ch_nBqi4xsY	3308	4	true
1oVTn6ncKqzR4uXHqLkr4bwFkUCbPfibpcdnv5aF2VVQ	11135	6	true
1Y8LncERELA8ER6-DOHqqtRE51osQ1lMKNRIz2GRNLcE	2239	4	true
1eUl5nIkpKwPv6HjfxdXvGq5c74p8Qu2tP5_mDSsITxM	4898	4	true
1gnT-3JLckK_rdE-D903FpDX-o_YiJPBrEHeUc-hlXV8	4254	4	true
1JbSKU5vWOfojCZWbnR5bKMf0tSWY-_gr	8314	5	true
1iKh3-dJkCHjsbvLlRWKYJHMJRE_lVtme	5490	4	true
1pdVTlI2t3h7uY7nT-XKf19v8hsDy7B9Jc4_Dio2NcOA	14624	8	true
1MJrnJR1O2sIdsQ4hqDopA89Xz4VZW2YmAU9onlT49GQ	3873	4	true
1-NewlJNImvIlumf00nwI9YFJ0J1cJwvSTqSNdcgOx2c	6794	4	true
11cXAmgOnn5aYlmh2SdkKOqw0aaU0i_hlKBPpmWBX_ek	7742	5	true
16m1CNsz5HJ_uPax_azm_vlqPHfywSZevxjP76RMX3NU	7240	7	true
1DCDa-vXC61dkKT5BE4HOT5d0oPERKL5n	0	0	false
1U1IF-E0XQGhOxtyvf0lPo8nLSKmlAzUNTAMGpKraBds	11796	5	true
14x8Tk24ZUlSYrN2s9NVKhuSouBiIoUbBLaxf3_V9bGw	5822	4	true
1XELVH3QTtXunA1nGf5SXeMIu34IaDd-T	16929	6	true
1atBHBGfoHxf7gki2eXMu1sGXg1BCCLst	6751	4	true
1G1JRdv14hUVCsIO-dJ4MsXLfmKLO_Yqb8xiXA3dmOE0	1023	4	true
1q1Yh1tH_xWWenJuj-MwqZiu4odgcwl0I4AbVFTR7K8Q	2224	4	true
1PV5mInrQyChFWfpbiA21VP_zXv-Z9UOH7_cdF1dmeJM	5477	4	true
1YYbxEqQFV3sNLy6be_78u5uthvv2mdP8EV6eeoneGLk	2581	4	true
1LlVZwKZKlOiGi35Nds0-L7ClVsZGmfE7	10224	5	true
1RtJ-LIBVe1SzIv7hoZQn_holYARRsMRP	9823	5	true
1qvumctQljquNQWAhhqVpDAu_zTlEoJ2f	11195	5	true
1DhWsBT1AbprRTLjG6Xwc_AyiDschDnOOA6bLnVrm0ec	2778	4	true
1FcApOzAagmaYk0ZBFVd3UaHrERFJRMtZnQYNaGKaB7c	1836	4	true
1-zqsV-6IbIybTap_IXnjRyR-_-yz5uCz	9631	7	true
1tcjYO8bWAXF3ZxRa7J3LAdz_o1KHMfGO_apKNZdTOkY	17900	8	true
1D0gzZGkg57Efssh3yL5lS8RPb51sBiZ0	4182	7	true
1eOPpfPR2QIUIDgCRfQ4Suqf_IsghM_8kZCGeFgHOBv4	1925	4	true
19-Xyvs9GCCZgEAU4kG6tIvR_pdK9u1ZGzuTOhDqbHNo	4188	5	true
18t9nSLRVUJOFHs1J8EVtxqpYDrvskdNjWx1sjkbEKmE	32231	10	true
12ZxLqafnojZMR23zD3GMLi1wt6JMO74kOhArWXzKsU8	5165	4	true
1Wwung--dBqjs5uSxKiu0oK0PFGODnnAo_XithaTaXcA	3798	4	true
1utZYXDFOTz7vNQpBm2-3Lb-wM9RMBlEvWFsQ0fQ25Gw	3461	4	true
1c46SVGWeQR9MYm9u_1fvqx2z7Emprf6a	4477	4	true
1vRRGjWEDhYz0IxQg68QM3LYUu3lYihWS	4245	5	true
1ZjOqcp6u5oOE_xx5M_cSZ12i5tFLP8NEWLpVoMDHCLQ	5734	4	true
1BNav9CXRC_cHrXOc-yDR-mfFcSYJekB_12xW98iCFwg	5037	4	true
1dGdx2XnBT7fOSsBsCALtoDlASJT5HeTmFMmzYe4JQeM	2172	4	true
1Fde-YggehueuQHgtQk0t-SHU0wPzn28qn6tgMkCcLHY	6698	4	true
1oyfVr5yVAMXeKWeox4Dvg4VvhT8iJk_biHZN4WecGRs	2986	4	true
1eU8tsQ7wp_eJPt_qVp1KYPAKQ59ylAWsMZSiJ53Q29k	9365	5	true
1GgMmHE7r7cLgjLRFeVTwsWuo7gIqNhk2kLtA8D2-EyQ	4019	4	true
1_iRXfprDXbmZT6lTTmqGSShs0JaD1RHulivXBsaTsLE	8736	5	true
1XjyN6rTkrQOWxmEAzOzQ4VGZIpT7qsud	11499	5	true
1WJSWC6ea3qAmrn3RBwswOG77vu4od-UxJqMIfg62HYY	7783	5	true
1FyvScxlf9MXf2tBpdiJ__sNTtcUllP5b	7080	5	true
1H1YqRQ5pV8WggO5HKC9wc3N7G3MV5PGndGaoZd0m38s	5183	4	true
12wycNSpJpt5iK-PHVo24nUR_dp1HFqoUFRZi6BhloJY	5368	4	true
1sDtFkjdWCsv4v2PIs0F-5omQCNUy_WEPWs9SNXQ1Zfk	5625	4	true
1a2QSr1410aJfQkko7akyP5wJyOs7pfs0	5861	4	true
1IS4jiNUGgq1LE8ccbu4ikMu9S1hP7Ta_	5253	4	true
1fvgAwtKzkYiznOv9xal_sUmN_zsNvxxn	5793	4	true
1iEb-3AZHLh3IiWev4H54k-e3sa9UjoxS	5652	4	true
1L_dOtLWxrUb4qcK92G20xUUsqHMuQrWDLM0SNq7poGo	8521	5	true
1kIbXugpx7Y7u6rOXJFh_287wHRPvB_gQTavbmh4CFiI	24831	9	true
1CX_b_o9cg1RWffnl04NyStCrpt99pvMNBKInEImGv7k	6249	4	true
1YqYAZcUYUXU0vrKc9zKgzFsKAnC1FsOEui4xX731x2Q	4717	4	true
1gb-NRfhWUSnA7JDU6XAVPdWhRfgz095G	8668	5	true
1wEGAdFNHJ1DBB9KfSL1PR7RgkKY1GJ57j9ArTphbImA	1730	4	true
15BQuAAK87oGe4KMQ4iZViAQyGdTF4CfB	6565	5	true
1gWOGySBMZe66DNLB4yipUu4lrmY2n5z8-R50NivBIaQ	5503	4	true
1_9MBqtjsf9UrxUPVxlMZQ8StPX4j6kAtwk50AAXiTGs	7775	5	true
1ZPZhnZExOUxbdNdY0EVv-70x_lE43IfhbK5IHAysLoQ	5776	4	true
1DQXtcjAIq7a_JroNfNjUV0QZts7uIrZ8FOJEX9Uco0w	3561	4	true
1dXICDUyvKyZEObubiu69LSdcYQrK2BUfg4RTQPT9SuU	10324	5	true
18z3BeiNzviWPb4x3FwSfptflTikvHFFgakl89G4o0d0	6557	4	true
1DefdHCqCiOaIns1XepI5YTsCeguUk45F5MXiDQxWhwE	4075	4	true
1Gjh2AIxKj5OTfhUdBAusesSmPwk0c999Wvf4UsodLe4	9475	5	true
1o7Blyf5NbZIgVMSvrWjfz0siCacKiVA-waNzNsgJuoA	16120	6	true
1gc9zd45840oL7KgpATpPICmksKktP7nq	10587	5	true
1q2Rub03woqRu1XO1fAmrWNyDkUK3ozGY	5303	4	true
1JIBcNg-vPku84i-bNIvyRBKoQ-63Zkyo	11796	5	true
1yqHpJ0JJ3k3NxE5eaffacwNHUeEEkMwdyw06B92yL5g	1880	4	true
1kDodJRpDebdXlfo6gn60H4Y3Jl6YSiYKoj6v_DGx2hw	1823	3	true
1uNYumHUGXVo7Alq-PG9QhScv-4cUDf4J	6418	5	true
1Lc0P4W2UAtt9g0FzfbZ-XRUQb2c9tEgtKtepjoZsMV4	5420	4	true
1873Q0d4Gz8sRHqYG5eVOFzoMfDV6Asoe	3628	4	true
182cBmbYsY5AXCFgZqFqUSTaeA1bHqWeB	7954	5	true
1o1AOotoHfFnSvvsEpY1ObzMH05sMxr-nC9OmwjksT6w	2532	4	true
1yBG1PmKnk0X0mRycyZrcDf963doSaE4h	7437	5	true
1jjRHXzySuCaRIgIn2CYzQ16qymW3uCeyhJYY0QwfwmU	6524	4	true
14nbg8y3lwBUctfqkEnfbX9G9F7LQrJ2dBRj-mqZ5MfU	5107	4	true
1ZlB6Xidxc-z9OAsCNjnOm7c-yTp640W_HwD958BdMPY	2607	4	true
1x2SzAoE_oQBiZ8B7skHLvXkuWF87XZu8g5Y8G_lvsPk	4262	4	true
1oBjeqQaN5EylikfvjVy5n__Qt2eSvikJ	10656	5	true
1v5d6t_-1LqZv-uDBlHUucFkQSKF9T7Y4Q4CziqvJXsI	5413	4	true
1EbFGibB9SqK8q1YDvsSI18zUinH_Ns8nCGiXWiiPbW0	6149	5	true
1wPlhB9IJ2yS820kIvkgEVi1sqv1bOCJ-LnIs1ZcaMIM	5662	6	true
1N7dS0SsI7VfpauqJwRPjFaCN3Si4jb-8kY57rm7dK3k	7891	5	true
1Qz5R05SsH6HMEYS-YC0xJegnJoyreMZUPv2gPawZ8zE	7221	6	true
1WLy_WQSiSQkHSY4BpBTO9Tk24oC04kk2xQrnJo-i62U	4634	5	true
1m3HFIw38O0pg3zDDJ0AtRfJw572F4sv0Ayjo7etegy0	3229	5	true
1536coYj2hRGHTiJdDKyBlCya4AbjHlYS5ARziEl8rds	7182	5	true
1CizxD67BfP6OXVZsqOhRePZpiRLLF2-IF3Un_GCjxLM	10815	6	true
1xhtx-MS74NPH8TOCenQCxWvfmIjqEHm8Wn0sC7_BAU4	3894	5	true
1ZvLX3VamdggbWnsJzd-limQ3Qx9ShECu	5253	5	true
1jp9vExqPolLvdaGHTGcYfssBKh4g7mqi	2155	5	true
1tB1eh0FoG0xpZf-ykM1aGuXYeJxjkrN8	6649	5	true
1C1g9MMF6Bcr5CgXiLjoL54CnK8lRw-7p	3852	5	true
1b_qqvDd5mb5iSJosMaMJFUOn7fZcQ-Ok	3367	5	true
1-KNIqzJEOic29R9UJTy-tH0yzHD9DUrv	1836	5	true
1dCpgYAv5hq7sOXrhqZHEVjRw4qP_yNCk	3418	5	true
1sYpT2JQpJjE00mNVwj673y5TyzGZsLdC	6480	9	true
10Ej80MWDwv1ztVKV9lwKNR-2fL3ic3O2	10306	5	true
1Aw0HcBnNmqLryM-d4MfdySzTySp66NSL9a0z4YKtkpA	6346	5	true
14o1oU_Wml0JC5AQ6nSSOOur0JK_6iTB0	8187	5	true
10FuRmvbGz-3aYiJATNyt1WzUNwEaLI-k	6075	4	true
1Zv61t9zuJNfOOuqhqqCqlG7PCc6G_N9zZvb-74kLmnU	10168	6	true
1AAWAadK37h6gvYvuA_25K7hA0OiRFKpz	5949	4	true
1-_X1mpOlnXF0i52dsGhRdwPSWETXMWOZ	7200	5	true
1I8v2ePaKEhADve8o8lww54vVmBC6P1U95Gg5MsKeB_g	3870	6	true
10_mMFKB5oowSnL6EkZ-OtBtRE-mW_91B2Q0RVvcgeDs	13233	7	true
14Kg3u9Y2cFBigzBRptVbB84G2tZrbzCrYGTce8PXcVc	9196	6	true
1-55ySJd0MKG2YMBdgm5jjZfwIHzfQibPuQq4e40pE1k	4232	5	true
1aYbS3ULBtxx2L7kJd68KM7YO_k22LEKMNM1qkeuaUgY	1734	4	true
1tlo08-WICcmyIJR7JS-0KyHeJhA8YUz7lidq5aXeuwU	2198	5	true
1zE5H3Y5vXiUB8en5JE72XTt9SkxXKWW5uh-P0mFFdAc	3604	4	true
1gJDufXBmuSv88aaVNIilex3o8jWHPFi2zbfeKRFe6Bw	4404	5	true
1k1tX9IRunUM0VGqbzEjVhUkoCDDtn5QlZdDfh3lOMxw	2428	5	true
1KKaGjIxfWo9zkLBMTd4qQNNa6xG9isoI	15374	6	true
1XRvm1vWUvDkXklQc-ZnouvqXtwHRsqD9viTxmLG4PFQ	1917	5	true
1VjHdg_olJkzYig0rdpulxXAjT7bn2sSjaQr2VSf8qMQ	4576	5	true
1n27nxqcsKHMAlJTTZiiXXOGHsL8dTEeCNtUYdfFDtDE	4115	5	true
1VlR3VKuRN-HiZeoTqItnv2AR4iBnzv0tGm4tXxFzZ4M	4389	5	true
1Gsmx8W8GBV2JNc-emOBIe6DnvlmjnGU3UX_cLSJovAQ	5621	7	true
1i6ogHanzn5S9mNSp630fWOvX9z8M1WmbZLo0INWSwZw	5579	5	true
1upd4i3Wq7AMd5G4VNSMwAwvE4bGI1JB37b41bQJUNR4	4026	5	true
1w8Gp_tLZ2wv6GCn9k5mCg5HqsXpz4i8sYH_jOQ3BeAM	2664	5	true
1AXljKVK7rFYlSBxw-qbKhT7nlfYQjj2t	4488	4	true
1UpXkfdwU1f03tzac2YBlg8wr1L1lW3WY	5069	3	true
1UGzfF-YM6ZKMbKsY6p3kuZFVbEJYykxfyHprd_tfr7M	4572	4	true
1eYm_5jih5G3t1m-uG29ivcJ0Gj3tegEfjSN5Q1VfKek	2645	4	true
180wXvqtbKnEZqA0qPT8Y6Enb3EKbtraBqU8e6QTETJo	2239	3	true
1arOuD0P7ejmfAkO5eP7r2vWP8hocr8lXYAEhD5nMy0s	11353	6	true
1i3LHlRWEkhGODzhe9R9mfCOB8iTlRXMZqZymg8aaoP8	11051	7	true
14oSTvk4pJly6dcnckcg1n4OZUlH02ToZDbBWdi5SIh4	11105	7	true
1xxEII8ONtfmPx8bIUly-KpEKPURi-IDWj2dpwzNje-c	11674	10	true
1W2YbOt0uzE0Gl5t6WDuiSJKGzb__zVBLuw9PCRFvN-E	12727	7	true
1GNYHAxKjdkzvwXjITw9eX7CeWxxoakz6ohnzzNHvcVo	16152	3	true
1IOJBPOtHs4SsvFCHrub3lNVN6ByF6AHC73Mk8x4_UXQ	7365	2	true
1n5KNkq2s2LhQqJpTHLJxp7o1lTaN4DqqunE4asibykk	3254	5	true
1Ucv5xl4Vwv4IoPZn1fXzdzWaM_pE-ITsA8O1lNFxsFE	2324	5	true
1pXafuhkXT_DZWnzZbm5t7ql8owFso9mV2joyHe9xqo0	4171	5	true
1iU0F0_RixxCPDcDR9kLkvyZtQTEYEeD9h_d2Q_T3GJo	2363	5	true
1jRXtNkiAzeuCrvJMnZ_cio1QMJ4UfI4H0kTqusxzF8g	2452	5	true
1hVD9LbRnIJtGL-rQlbJw3kK_-6DuCejZVEmtFFLUSw4	3907	7	true
1-5-0DmC5Rptata9BKkDxOaWB1pVmC98Br_Fb_znr-5U	2871	7	true
1Ma0PINt7WTdAgMcsDoztEyMpd7z6jaIJrvhnWWzfzIw	4160	5	true
1ubZ7yiGsXeWgFS3CVZ25gU48ueI7jMm9eNV9ALA_GEY	5567	5	true
1yhq8nK8Jl46vjviwhG5UtWIvcT1E8YXUCx8wkev_USA	2630	4	true
1jV6rLi-vKrzqiq6XWWufqpmct8Xkc9MZ6Uo9-s1jqew	2467	5	true
11LWXtdenDtESM8FMnY7-rYxpyrJysSTQwoYTgy7wZbY	3154	5	true
13ZMF8hs7jp7EgSeDH0yHRNEpD9sM4iENRRh9q1piHA0	2582	5	true
1_rbfqontH59t_t7sC6sWOxgvaEFyd0iMPP3e-gBrum4	3032	5	true
1hX3_FX0m_tkDFIg3C7D7gZkK9SkFMawRVUk96E89HXA	2825	5	true
1O36tfIcguckTs7OCyXUVXNwwYwIExk3oOm7IhoRpM_M	2304	5	true
17PsNr2rOFZet6_LEXx0NHP8DmIYp7zFJ__l4vP3y14s	59518	11	true
1MxM1d61v9WveuSPuB1aJRMwqO7LveFbXkYQ9e5Uxnfk	3536	6	true
1onnwDyUjjX28_aT1xBpr3NW4RCEjbS-uoGcCZZ1vUQ8	9000	10	true
1N3c-d4LtsQx8-wMPnhwrZirmMZlT6HPHVFOF9z7-bd8	4437	6	true
1YruLzWjaN4cylSqKeeikdnzOYmvcE960XH-4-NCyfdg	3552	6	true
1ekZpp7Gyqi1gCMBPLQxLfQz_R5YJ69zJI2Q6kL9_3sc	3860	6	true
1TeaDLoyHofHfgdPa18JyyqYf8u6FXC77wa5FbUkgEk0	3557	6	true
1PPneh75bJldcvGQgkOwe9lZntxSomP9v7ka6DmSp39E	3552	6	true
1ynSeOCFQfWoKBMUWAEunBL0vG9V_vnWSnb2Ka0y4KW0	3552	6	true
1IMazCOPjWd-39h6sHXjbnFJCzavWq9djN7oTPEpVYus	3762	6	true
1cRermx8pQfJXaKKFPQNfPU_g3gk7YRTXhpKaoHEsoSs	3552	6	true
1OQNZs7IV3T85RCR-3aj2Hdc0K_P0NeHlj-ebPoTAl7w	0	0	false
1zYLhqhMIKyKJeXyZAsE2miKmJNhd0-7XdtL1I2svuQE	3552	6	true
1mpMdx3eASb2DdRqh3B-Pwo4Vql0qnRsx	3546	6	true
1BmTLIozrNSyuI80vnDlsKcO6KN_ZQ4r3tcW-pCmTCvc	3875	6	true
1WIa8M-KG-YBXVy15VHurx3uhz-sRLoYszIvEX1xNc9Y	3569	6	true
1v4nDxn0t6D27kAnez3OeUjG-pXivdA9H6MtTAcxdgvg	3552	6	true
1Gq0kY-eY0AIokmJlTP7s_DUMhV7f6Rb-MCaKUA9eutE	3552	6	true
1sO_C6hOvof4jES7WWmIgQJfbjXJyGuGV3CQhcJufL6c	3784	6	true
1mdkg7HxJAmmzgGnE59H5LiT5PjId4XjxlLzd4ozr7hU	3866	6	true
1u3BbJSN1WZUR68Ca_vecG8_s0qeKQdkjjxvcJ3BpsGE	2858	4	true
1FvBa1VmRQ4OVF2xVTAxM1uzTaTaBRqxaFGxKVBRgxLw	3940	6	true
1gYIVVJGqZUuPIVtCpbdfiJZjOzBI8vFqq_0ghi2dt7M	3552	6	true
1RtYVSjKsOQesMEmukgmxDppjJLojgWX2wlF-pULcOuk	3535	6	true
1P3l-DPyB9lvVqub0fzBT7_avlepSXFQB8luXZYFFcHk	3866	6	true
10H21npujwWUjI85fIjqLWbkpa8opEadU8v5lIZ60vpM	3535	6	true
1j0h2YnTBPDddpymKcfUpSFgUqu-POZOsA1YrwU68b-c	3872	6	true
1R2iq3IhCztNibiqGijE0A56nyw_SBH7py9nfmWHaZcU	3552	6	true
1lFT4a_HMcW_J0ix_DEU1gHAgg7eYPYUCVltcGcS0OIM	3968	6	true
18Vfy1eyO39chQ0gDzo-RB87G6k008eCyiAwHDlcHuWA	3866	6	true
1W40PeGJL7wDJM5h2klX6C5IxF_xzeq94ZegFBurQ0WA	3552	6	true
1UYkbXK0xBLAacIt9PgUi9jsZj9-rVSyxoXNaDQAMp3Y	3552	6	true
1dTrUrDhabquAQswMUPJEqAuUi7kGVOfaU7fQJh_fEwk	3552	6	true
14LkihiIYPgXG346S5zcckfHB__ys2BXxXOvGKxW39Mg	3552	6	true
1zaoSTB7b9BZfAjhrvQDeAK7d6e2jtWlQDAv0H-jb2yE	3552	6	true
1sVzuiX--BS54czEWp-UUuxpjeuzWxUuV	3552	6	true
1c1FV5BNpjkBHDcjbbE09BFpK8gL_7uzC	3552	6	true
14-eHl48ofnHzUltLAewE3AbfwZbJGrvG	3552	6	true
1DUGIOXoE50hm26KU1j_golzm945LmH9p	3552	6	true
14cqe9wSa3lOxtyk1yNYIbFnKWgx8KL37	3552	6	true
1qib9n6DDA3rhbIbT6FmWYIOv9rG4Y_Vb	3550	6	true
1dOveQtatKkIZCjTpKklQtZUT7t-ZiCiHj4R7qm6-Xak	3547	6	true
